{
  "type": "FeatureCollection",
  "generator": "overpass-turbo",
  "copyright": "The data included in this document is from www.openstreetmap.org. The data is made available under ODbL.",
  "timestamp": "2026-08-11T14:15:39Z",
  "features": [
    {
      "type": "Feature",
      "properties": {
        "@id": "way/164287502",
        "amenity": "restaurant",
        "building": "yes",
        "name": "Kashi Resturant"
      },
      "geometry": {
        "type": "Polygon",
        "coordinates": [
          [
            [
              74.3794215,
              31.4885785
            ],
            [
              74.3795642,
              31.4884117
            ],
            [
              74.3797953,
              31.4885555
            ],
            [
              74.3796525,
              31.4887222
            ],
            [
              74.3794215,
              31.4885785
            ]
          ]
        ]
      },
      "id": "way/164287502"
    },
    {
      "type": "Feature",
      "properties": {
        "@id": "way/310069982",
        "addr:city": "Lahore",
        "addr:street": "Shad Bagh",
        "building": "yes",
        "name": "Gourmet Shad Bagh",
        "operator": "Gourmet",
        "shop": "bakery",
        "website": "https://www.gourmetpakistan.com/"
      },
      "geometry": {
        "type": "Polygon",
        "coordinates": [
          [
            [
              74.3385487,
              31.5988046
            ],
            [
              74.3386258,
              31.5987023
            ],
            [
              74.3387373,
              31.5987729
            ],
            [
              74.338643,
              31.5988606
            ],
            [
              74.3385487,
              31.5988046
            ]
          ]
        ]
      },
      "id": "way/310069982"
    },
    {
      "type": "Feature",
      "properties": {
        "@id": "way/333712343",
        "addr:street": "Faisal Town",
        "building": "yes",
        "name": "Gourmet Bakers",
        "shop": "bakery"
      },
      "geometry": {
        "type": "Polygon",
        "coordinates": [
          [
            [
              74.3085588,
              31.4702344
            ],
            [
              74.308797,
              31.4701368
            ],
            [
              74.3088893,
              31.4703127
            ],
            [
              74.3087994,
              31.4704259
            ],
            [
              74.308696,
              31.4705359
            ],
            [
              74.3085588,
              31.4702344
            ]
          ]
        ]
      },
      "id": "way/333712343"
    },
    {
      "type": "Feature",
      "properties": {
        "@id": "way/333713244",
        "addr:street": "Faisal Town",
        "amenity": "restaurant",
        "building": "yes",
        "capacity": "200",
        "delivery": "no",
        "name": "Gourmet Restaurant",
        "takeaway": "yes"
      },
      "geometry": {
        "type": "Polygon",
        "coordinates": [
          [
            [
              74.3088504,
              31.4707874
            ],
            [
              74.3090033,
              31.4706261
            ],
            [
              74.3090435,
              31.4707016
            ],
            [
              74.3091414,
              31.4708926
            ],
            [
              74.3089469,
              31.4709692
            ],
            [
              74.3088504,
              31.4707874
            ]
          ]
        ]
      },
      "id": "way/333713244"
    },
    {
      "type": "Feature",
      "properties": {
        "@id": "way/333713632",
        "addr:city": "Lahore",
        "addr:street": "Fasil Town",
        "amenity": "restaurant",
        "building": "yes",
        "capacity": "100",
        "delivery": "yes",
        "name": "Salt n Pepper",
        "takeaway": "yes"
      },
      "geometry": {
        "type": "Polygon",
        "coordinates": [
          [
            [
              74.3077078,
              31.4684116
            ],
            [
              74.3078754,
              31.4683475
            ],
            [
              74.3079532,
              31.4684894
            ],
            [
              74.3077815,
              31.4685569
            ],
            [
              74.3077078,
              31.4684116
            ]
          ]
        ]
      },
      "id": "way/333713632"
    },
    {
      "type": "Feature",
      "properties": {
        "@id": "way/333788662",
        "amenity": "restaurant",
        "brand": "پیزا ہٹ",
        "brand:ar": "بيتزا هت",
        "brand:en": "Pizza Hut",
        "brand:fa": "پیتزا هات",
        "brand:pnb": "پزا ہٹ",
        "brand:ur": "پیزا ہٹ",
        "brand:wikidata": "Q191615",
        "brand:wikipedia": "ur:پیزا ہٹ",
        "brand:wikipedia:ar": "بيتزا هت",
        "brand:wikipedia:fa": "پیتزا هات",
        "brand:wikipedia:pnb": "پزا ہٹ",
        "brand:wikipedia:ur": "پیزا ہٹ",
        "building": "yes",
        "cuisine": "pizza",
        "name": "پیزا ہٹ",
        "name:ar": "بيتزا هت",
        "name:en": "Pizza Hut",
        "name:fa": "پیتزا هات",
        "name:pnb": "پزا ہٹ",
        "name:ur": "پیزا ہٹ"
      },
      "geometry": {
        "type": "Polygon",
        "coordinates": [
          [
            [
              74.3077282,
              31.4694527
            ],
            [
              74.3077819,
              31.4695557
            ],
            [
              74.3075164,
              31.4696563
            ],
            [
              74.3074573,
              31.4695488
            ],
            [
              74.3077282,
              31.4694527
            ]
          ]
        ]
      },
      "id": "way/333788662"
    },
    {
      "type": "Feature",
      "properties": {
        "@id": "way/333814244",
        "addr:street": "Faisal Town",
        "amenity": "fast_food",
        "building": "yes",
        "cuisine": "burger",
        "name": "Fri Chicks",
        "takeaway": "yes"
      },
      "geometry": {
        "type": "Polygon",
        "coordinates": [
          [
            [
              74.3081896,
              31.4694493
            ],
            [
              74.3084068,
              31.4693692
            ],
            [
              74.3084659,
              31.4694985
            ],
            [
              74.3082499,
              31.4695797
            ],
            [
              74.3081896,
              31.4694493
            ]
          ]
        ]
      },
      "id": "way/333814244"
    },
    {
      "type": "Feature",
      "properties": {
        "@id": "way/333822698",
        "addr:street": "Model Town Link Road",
        "amenity": "fast_food",
        "brand": "مکڈونلڈز",
        "brand:ar": "مكدونالدز",
        "brand:de": "McDonald’s",
        "brand:en": "McDonald's",
        "brand:fa": "مکدونالدز",
        "brand:pnb": "میکڈونلڈز",
        "brand:ps": "مکډونالډز",
        "brand:ur": "مکڈونلڈز",
        "brand:wikidata": "Q38076",
        "brand:wikipedia": "ur:مکڈونلڈز",
        "brand:wikipedia:ar": "مكدونالدز",
        "brand:wikipedia:fa": "مکدونالدز",
        "brand:wikipedia:pnb": "میکڈونلڈز",
        "brand:wikipedia:ps": "مکډونالډز",
        "brand:wikipedia:ur": "مکڈونلڈز",
        "building": "yes",
        "name": "مکڈونلڈز",
        "name:ar": "مكدونالدز",
        "name:de": "McDonald’s",
        "name:en": "McDonald's",
        "name:fa": "مکدونالدز",
        "name:pnb": "میکڈونلڈز",
        "name:ps": "مکډونالډز",
        "name:ur": "مکڈونلڈز"
      },
      "geometry": {
        "type": "Polygon",
        "coordinates": [
          [
            [
              74.3157856,
              31.4662842
            ],
            [
              74.3154772,
              31.4664089
            ],
            [
              74.3154208,
              31.4663151
            ],
            [
              74.3157346,
              31.4661916
            ],
            [
              74.3157856,
              31.4662842
            ]
          ]
        ]
      },
      "id": "way/333822698"
    },
    {
      "type": "Feature",
      "properties": {
        "@id": "way/359469206",
        "amenity": "restaurant",
        "brand": "پیزا ہٹ",
        "brand:ar": "بيتزا هت",
        "brand:en": "Pizza Hut",
        "brand:fa": "پیتزا هات",
        "brand:pnb": "پزا ہٹ",
        "brand:ur": "پیزا ہٹ",
        "brand:wikidata": "Q191615",
        "brand:wikipedia": "ur:پیزا ہٹ",
        "brand:wikipedia:ar": "بيتزا هت",
        "brand:wikipedia:fa": "پیتزا هات",
        "brand:wikipedia:pnb": "پزا ہٹ",
        "brand:wikipedia:ur": "پیزا ہٹ",
        "building": "yes",
        "cuisine": "pizza",
        "name": "پیزا ہٹ",
        "name:ar": "بيتزا هت",
        "name:en": "Pizza Hut",
        "name:fa": "پیتزا هات",
        "name:pnb": "پزا ہٹ",
        "name:ur": "پیزا ہٹ"
      },
      "geometry": {
        "type": "Polygon",
        "coordinates": [
          [
            [
              74.2803595,
              31.4381359
            ],
            [
              74.2806204,
              31.4379408
            ],
            [
              74.2806854,
              31.438005
            ],
            [
              74.280425,
              31.4382009
            ],
            [
              74.2803595,
              31.4381359
            ]
          ]
        ]
      },
      "id": "way/359469206"
    },
    {
      "type": "Feature",
      "properties": {
        "@id": "way/360102335",
        "addr:city": "Lahore",
        "addr:street": "Allamah Shabbir Ahmad Usmani Road",
        "amenity": "restaurant",
        "building": "yes",
        "name": "College Canteen"
      },
      "geometry": {
        "type": "Polygon",
        "coordinates": [
          [
            [
              74.2989573,
              31.486247
            ],
            [
              74.2989203,
              31.4859475
            ],
            [
              74.2992623,
              31.4859133
            ],
            [
              74.2993086,
              31.4862102
            ],
            [
              74.2989573,
              31.486247
            ]
          ]
        ]
      },
      "id": "way/360102335"
    },
    {
      "type": "Feature",
      "properties": {
        "@id": "way/394362528",
        "building": "yes",
        "name": "Cakes & Bakes, Tech Society Brankch",
        "shop": "bakery"
      },
      "geometry": {
        "type": "Polygon",
        "coordinates": [
          [
            [
              74.2830679,
              31.4853409
            ],
            [
              74.2830834,
              31.4851872
            ],
            [
              74.2832843,
              31.4851876
            ],
            [
              74.2832863,
              31.4853386
            ],
            [
              74.2830679,
              31.4853409
            ]
          ]
        ]
      },
      "id": "way/394362528"
    },
    {
      "type": "Feature",
      "properties": {
        "@id": "way/412639937",
        "amenity": "restaurant",
        "building": "yes"
      },
      "geometry": {
        "type": "Polygon",
        "coordinates": [
          [
            [
              74.3096008,
              31.4717956
            ],
            [
              74.3093639,
              31.4718877
            ],
            [
              74.3092889,
              31.4717496
            ],
            [
              74.3095348,
              31.4716575
            ],
            [
              74.3096008,
              31.4717956
            ]
          ]
        ]
      },
      "id": "way/412639937"
    },
    {
      "type": "Feature",
      "properties": {
        "@id": "way/445193079",
        "amenity": "restaurant",
        "building": "yes",
        "name": "Timmy's"
      },
      "geometry": {
        "type": "Polygon",
        "coordinates": [
          [
            [
              74.1685923,
              31.3833814
            ],
            [
              74.1685936,
              31.3832692
            ],
            [
              74.1687854,
              31.3832749
            ],
            [
              74.168784,
              31.383386
            ],
            [
              74.1685923,
              31.3833814
            ]
          ]
        ]
      },
      "id": "way/445193079"
    },
    {
      "type": "Feature",
      "properties": {
        "@id": "way/540642141",
        "addr:city": "Lahore",
        "addr:postcode": "54000",
        "addr:street": "Airport Ghazi Rd",
        "amenity": "restaurant",
        "building": "yes",
        "capacity": "50",
        "cuisine": "regional;chinese;chicken;fish_and_chips;barbecue",
        "ele": "1",
        "name": "DHA Dhaba",
        "opening_hours": "Mo-Sa 07:00-20:00",
        "smoking": "no",
        "takeaway": "yes"
      },
      "geometry": {
        "type": "Polygon",
        "coordinates": [
          [
            [
              74.4199692,
              31.4955689
            ],
            [
              74.4201544,
              31.4955318
            ],
            [
              74.4201624,
              31.4955609
            ],
            [
              74.4200139,
              31.4956345
            ],
            [
              74.4199692,
              31.4955689
            ]
          ]
        ]
      },
      "id": "way/540642141"
    },
    {
      "type": "Feature",
      "properties": {
        "@id": "way/540658805",
        "addr:city": "Lahore",
        "addr:postcode": "54000",
        "addr:street": "Airport Ghazi Rd",
        "amenity": "restaurant",
        "building": "yes",
        "capacity": "30",
        "cuisine": "regional;chicken;barbecue",
        "ele": "1",
        "name": "Angaray Bar B Que"
      },
      "geometry": {
        "type": "Polygon",
        "coordinates": [
          [
            [
              74.4204898,
              31.4963638
            ],
            [
              74.4206165,
              31.4963138
            ],
            [
              74.4206664,
              31.4963973
            ],
            [
              74.4205438,
              31.4964548
            ],
            [
              74.4204898,
              31.4963638
            ]
          ]
        ]
      },
      "id": "way/540658805"
    },
    {
      "type": "Feature",
      "properties": {
        "@id": "way/541289749",
        "addr:city": "Lahore",
        "addr:postcode": "54000",
        "addr:street": "Defence Road",
        "amenity": "restaurant",
        "building": "yes",
        "capacity": "50",
        "cuisine": "burger;pizza;chicken;barbecue",
        "delivery": "yes",
        "ele": "3",
        "name": "Shehanshah Takeaway",
        "opening_hours": "24/7",
        "phone": "+92 42 35700480",
        "takeaway": "yes",
        "website": "https://shehanshan.chalo.pk/"
      },
      "geometry": {
        "type": "Polygon",
        "coordinates": [
          [
            [
              74.4205341,
              31.4977199
            ],
            [
              74.4206581,
              31.4979071
            ],
            [
              74.4203898,
              31.497914
            ],
            [
              74.4203913,
              31.4977805
            ],
            [
              74.4203918,
              31.4977338
            ],
            [
              74.4205341,
              31.4977199
            ]
          ]
        ]
      },
      "id": "way/541289749"
    },
    {
      "type": "Feature",
      "properties": {
        "@id": "way/541291649",
        "addr:city": "Lahore",
        "addr:housenumber": "1",
        "addr:postcode": "54000",
        "addr:street": "Airport Road",
        "amenity": "cafe",
        "building": "yes",
        "cuisine": "ice_cream;sandwich",
        "name": "Iceland Juice & Dry Fruits"
      },
      "geometry": {
        "type": "Polygon",
        "coordinates": [
          [
            [
              74.4209424,
              31.4978896
            ],
            [
              74.4208363,
              31.4977586
            ],
            [
              74.420841,
              31.4976641
            ],
            [
              74.4208869,
              31.4975925
            ],
            [
              74.4209281,
              31.4975277
            ],
            [
              74.420982,
              31.497498
            ],
            [
              74.4211879,
              31.4977829
            ],
            [
              74.4209424,
              31.4978896
            ]
          ]
        ]
      },
      "id": "way/541291649"
    },
    {
      "type": "Feature",
      "properties": {
        "@id": "way/542196881",
        "amenity": "restaurant",
        "building": "yes",
        "capacity": "50",
        "cuisine": "burger;barbecue",
        "ele": "1",
        "name": "Chef.S.Food, Resturant and Catering"
      },
      "geometry": {
        "type": "Polygon",
        "coordinates": [
          [
            [
              74.422422,
              31.4924666
            ],
            [
              74.4225306,
              31.4926055
            ],
            [
              74.4224387,
              31.4926577
            ],
            [
              74.4223301,
              31.4925188
            ],
            [
              74.422422,
              31.4924666
            ]
          ]
        ]
      },
      "id": "way/542196881"
    },
    {
      "type": "Feature",
      "properties": {
        "@id": "way/542204101",
        "amenity": "restaurant",
        "building": "yes",
        "capacity": "30",
        "cuisine": "burger;pizza;sandwich",
        "ele": "1",
        "name": "Pranzo Cena"
      },
      "geometry": {
        "type": "Polygon",
        "coordinates": [
          [
            [
              74.4168239,
              31.4923031
            ],
            [
              74.4167557,
              31.4922131
            ],
            [
              74.4169618,
              31.4920994
            ],
            [
              74.4170301,
              31.4921894
            ],
            [
              74.4168239,
              31.4923031
            ]
          ]
        ]
      },
      "id": "way/542204101"
    },
    {
      "type": "Feature",
      "properties": {
        "@id": "way/542244025",
        "amenity": "restaurant",
        "building": "yes",
        "capacity": "50",
        "cuisine": "burger;chicken",
        "ele": "2",
        "name": "Students Cafe"
      },
      "geometry": {
        "type": "Polygon",
        "coordinates": [
          [
            [
              74.4164638,
              31.4855767
            ],
            [
              74.4164818,
              31.4856044
            ],
            [
              74.4165266,
              31.4856733
            ],
            [
              74.4166108,
              31.4858116
            ],
            [
              74.4165032,
              31.4858642
            ],
            [
              74.416347,
              31.4856318
            ],
            [
              74.4164638,
              31.4855767
            ]
          ]
        ]
      },
      "id": "way/542244025"
    },
    {
      "type": "Feature",
      "properties": {
        "@id": "way/543627210",
        "amenity": "restaurant",
        "building": "yes",
        "capacity": "50",
        "cuisine": "burger;pizza;barbecue",
        "ele": "2",
        "name": "The Shack"
      },
      "geometry": {
        "type": "Polygon",
        "coordinates": [
          [
            [
              74.4075773,
              31.4740187
            ],
            [
              74.4076522,
              31.4739399
            ],
            [
              74.4077385,
              31.4739996
            ],
            [
              74.4076636,
              31.4740784
            ],
            [
              74.4075773,
              31.4740187
            ]
          ]
        ]
      },
      "id": "way/543627210"
    },
    {
      "type": "Feature",
      "properties": {
        "@id": "way/543627211",
        "amenity": "restaurant",
        "building": "yes",
        "name": "The Grill"
      },
      "geometry": {
        "type": "Polygon",
        "coordinates": [
          [
            [
              74.407675,
              31.4738979
            ],
            [
              74.407623,
              31.4738678
            ],
            [
              74.40767,
              31.4738089
            ],
            [
              74.407722,
              31.4738391
            ],
            [
              74.407675,
              31.4738979
            ]
          ]
        ]
      },
      "id": "way/543627211"
    },
    {
      "type": "Feature",
      "properties": {
        "@id": "way/543668795",
        "addr:city": "Lahore",
        "addr:postcode": "54000",
        "amenity": "fast_food",
        "building": "yes",
        "ele": "1",
        "name": "Potato Den"
      },
      "geometry": {
        "type": "Polygon",
        "coordinates": [
          [
            [
              74.4086775,
              31.4845228
            ],
            [
              74.4085992,
              31.4846086
            ],
            [
              74.4085516,
              31.4845769
            ],
            [
              74.4086299,
              31.4844912
            ],
            [
              74.4086775,
              31.4845228
            ]
          ]
        ]
      },
      "id": "way/543668795"
    },
    {
      "type": "Feature",
      "properties": {
        "@id": "way/544473103",
        "amenity": "restaurant",
        "building": "yes",
        "capacity": "50",
        "cuisine": "burger;pizza",
        "ele": "1",
        "name": "Brio Burger & Pizza"
      },
      "geometry": {
        "type": "Polygon",
        "coordinates": [
          [
            [
              74.4119094,
              31.4805754
            ],
            [
              74.4119496,
              31.4806044
            ],
            [
              74.4118816,
              31.4806729
            ],
            [
              74.4118414,
              31.4806439
            ],
            [
              74.4119094,
              31.4805754
            ]
          ]
        ]
      },
      "id": "way/544473103"
    },
    {
      "type": "Feature",
      "properties": {
        "@id": "way/544473105",
        "amenity": "restaurant",
        "building": "yes",
        "cuisine": "regional;barbecue",
        "ele": "1",
        "name": "Shah Farooq Nazir Restaurant"
      },
      "geometry": {
        "type": "Polygon",
        "coordinates": [
          [
            [
              74.4108901,
              31.4836211
            ],
            [
              74.4109667,
              31.4836976
            ],
            [
              74.4108642,
              31.4837722
            ],
            [
              74.4107876,
              31.4836957
            ],
            [
              74.4108901,
              31.4836211
            ]
          ]
        ]
      },
      "id": "way/544473105"
    },
    {
      "type": "Feature",
      "properties": {
        "@id": "way/544524821",
        "amenity": "restaurant",
        "building": "yes",
        "cuisine": "pizza",
        "ele": "1",
        "name": "New Yorker Pizza"
      },
      "geometry": {
        "type": "Polygon",
        "coordinates": [
          [
            [
              74.4016253,
              31.4735908
            ],
            [
              74.4017459,
              31.4735864
            ],
            [
              74.40175,
              31.4736681
            ],
            [
              74.4016294,
              31.4736725
            ],
            [
              74.4016253,
              31.4735908
            ]
          ]
        ]
      },
      "id": "way/544524821"
    },
    {
      "type": "Feature",
      "properties": {
        "@id": "way/544524822",
        "amenity": "restaurant",
        "building": "yes",
        "ele": "1",
        "name": "Cold Stone DHA"
      },
      "geometry": {
        "type": "Polygon",
        "coordinates": [
          [
            [
              74.4016194,
              31.4738368
            ],
            [
              74.4016264,
              31.4739119
            ],
            [
              74.4015227,
              31.473919
            ],
            [
              74.4015157,
              31.4738439
            ],
            [
              74.4016194,
              31.4738368
            ]
          ]
        ]
      },
      "id": "way/544524822"
    },
    {
      "type": "Feature",
      "properties": {
        "@id": "way/544524823",
        "amenity": "ice_cream",
        "building": "yes",
        "ele": "1",
        "name": "The Sweet Tooth"
      },
      "geometry": {
        "type": "Polygon",
        "coordinates": [
          [
            [
              74.4016347,
              31.4742614
            ],
            [
              74.401539,
              31.4742639
            ],
            [
              74.4015373,
              31.4742123
            ],
            [
              74.4016331,
              31.4742102
            ],
            [
              74.4016347,
              31.4742614
            ]
          ]
        ]
      },
      "id": "way/544524823"
    },
    {
      "type": "Feature",
      "properties": {
        "@id": "way/544692858",
        "amenity": "restaurant",
        "building": "yes",
        "cuisine": "burger",
        "name": "Choco Palace"
      },
      "geometry": {
        "type": "Polygon",
        "coordinates": [
          [
            [
              74.4010133,
              31.4743928
            ],
            [
              74.4010149,
              31.4744873
            ],
            [
              74.4009156,
              31.4744885
            ],
            [
              74.400914,
              31.4743941
            ],
            [
              74.4010133,
              31.4743928
            ]
          ]
        ]
      },
      "id": "way/544692858"
    },
    {
      "type": "Feature",
      "properties": {
        "@id": "way/544698793",
        "addr:city": "Lahore",
        "addr:postcode": "54000",
        "addr:street": "Bedian Road",
        "building": "yes",
        "ele": "1",
        "name": "Luqman Sweets and Bakers Store",
        "shop": "bakery"
      },
      "geometry": {
        "type": "Polygon",
        "coordinates": [
          [
            [
              74.4203748,
              31.4833077
            ],
            [
              74.4204382,
              31.4832307
            ],
            [
              74.4205064,
              31.4832715
            ],
            [
              74.4204429,
              31.4833486
            ],
            [
              74.4203748,
              31.4833077
            ]
          ]
        ]
      },
      "id": "way/544698793"
    },
    {
      "type": "Feature",
      "properties": {
        "@id": "way/544707409",
        "amenity": "restaurant",
        "building": "yes",
        "cuisine": "french",
        "ele": "1",
        "name": "Belgian Fries"
      },
      "geometry": {
        "type": "Polygon",
        "coordinates": [
          [
            [
              74.4031651,
              31.474595
            ],
            [
              74.4031615,
              31.4745056
            ],
            [
              74.4032609,
              31.4745027
            ],
            [
              74.4032646,
              31.4745921
            ],
            [
              74.4031651,
              31.474595
            ]
          ]
        ]
      },
      "id": "way/544707409"
    },
    {
      "type": "Feature",
      "properties": {
        "@id": "way/544707412",
        "amenity": "restaurant",
        "building": "yes",
        "ele": "2",
        "name": "MARO Tandoors"
      },
      "geometry": {
        "type": "Polygon",
        "coordinates": [
          [
            [
              74.4022949,
              31.4746267
            ],
            [
              74.4022929,
              31.4745465
            ],
            [
              74.4023584,
              31.4745452
            ],
            [
              74.4023605,
              31.4746255
            ],
            [
              74.4022949,
              31.4746267
            ]
          ]
        ]
      },
      "id": "way/544707412"
    },
    {
      "type": "Feature",
      "properties": {
        "@id": "way/544709110",
        "addr:city": "Lahore",
        "addr:postcode": "54000",
        "amenity": "cafe",
        "building": "yes",
        "ele": "1",
        "name": "Kitchen Cuisine"
      },
      "geometry": {
        "type": "Polygon",
        "coordinates": [
          [
            [
              74.3740232,
              31.5015839
            ],
            [
              74.3739468,
              31.5015821
            ],
            [
              74.3739485,
              31.5015326
            ],
            [
              74.3740249,
              31.5015344
            ],
            [
              74.3740232,
              31.5015839
            ]
          ]
        ]
      },
      "id": "way/544709110"
    },
    {
      "type": "Feature",
      "properties": {
        "@id": "way/544727703",
        "addr:city": "Lahore",
        "addr:postcode": "54000",
        "amenity": "food_court",
        "building": "yes",
        "name": "Shawarma Hot Spot"
      },
      "geometry": {
        "type": "Polygon",
        "coordinates": [
          [
            [
              74.3666685,
              31.499216
            ],
            [
              74.3666407,
              31.4991497
            ],
            [
              74.3666705,
              31.4991358
            ],
            [
              74.3666984,
              31.4991358
            ],
            [
              74.3667426,
              31.4991399
            ],
            [
              74.3667762,
              31.4991472
            ],
            [
              74.3667782,
              31.4992177
            ],
            [
              74.3667541,
              31.499212
            ],
            [
              74.3667301,
              31.4992079
            ],
            [
              74.3666964,
              31.4992079
            ],
            [
              74.3666685,
              31.499216
            ]
          ]
        ]
      },
      "id": "way/544727703"
    },
    {
      "type": "Feature",
      "properties": {
        "@id": "way/544743904",
        "addr:city": "Lahore",
        "addr:postcode": "54000",
        "building": "yes",
        "name": "Gourmet Bakers & Sweets",
        "shop": "bakery"
      },
      "geometry": {
        "type": "Polygon",
        "coordinates": [
          [
            [
              74.3661107,
              31.5013751
            ],
            [
              74.366103,
              31.5012316
            ],
            [
              74.366216,
              31.5012275
            ],
            [
              74.3662251,
              31.5013699
            ],
            [
              74.3661107,
              31.5013751
            ]
          ]
        ]
      },
      "id": "way/544743904"
    },
    {
      "type": "Feature",
      "properties": {
        "@id": "way/544743914",
        "addr:city": "Lahore",
        "addr:postcode": "54000",
        "building": "yes",
        "ele": "1",
        "name": "Shezan Bakers & Confectioners",
        "shop": "bakery"
      },
      "geometry": {
        "type": "Polygon",
        "coordinates": [
          [
            [
              74.3662251,
              31.5013699
            ],
            [
              74.366216,
              31.5012275
            ],
            [
              74.3663384,
              31.5012227
            ],
            [
              74.3663471,
              31.5013635
            ],
            [
              74.3662251,
              31.5013699
            ]
          ]
        ]
      },
      "id": "way/544743914"
    },
    {
      "type": "Feature",
      "properties": {
        "@id": "way/544744073",
        "addr:city": "Lahore",
        "addr:postcode": "54000",
        "amenity": "restaurant",
        "building": "yes",
        "level": "1",
        "name": "Libas-e-Khas"
      },
      "geometry": {
        "type": "Polygon",
        "coordinates": [
          [
            [
              74.3645769,
              31.5014177
            ],
            [
              74.3645702,
              31.501278
            ],
            [
              74.3646767,
              31.5012776
            ],
            [
              74.3646779,
              31.5014157
            ],
            [
              74.3645769,
              31.5014177
            ]
          ]
        ]
      },
      "id": "way/544744073"
    },
    {
      "type": "Feature",
      "properties": {
        "@id": "way/544763657",
        "addr:city": "Lahore",
        "addr:postcode": "54000",
        "addr:street": "St 149 Sec H Comm Ph 1",
        "amenity": "restaurant",
        "building": "yes",
        "level": "2",
        "name": "Cravea"
      },
      "geometry": {
        "type": "Polygon",
        "coordinates": [
          [
            [
              74.3964622,
              31.4826856
            ],
            [
              74.3964995,
              31.4826454
            ],
            [
              74.3966374,
              31.4827384
            ],
            [
              74.3966001,
              31.4827787
            ],
            [
              74.3964622,
              31.4826856
            ]
          ]
        ]
      },
      "id": "way/544763657"
    },
    {
      "type": "Feature",
      "properties": {
        "@id": "way/544939912",
        "amenity": "restaurant",
        "building": "yes",
        "cuisine": "burger;french",
        "ele": "2",
        "name": "OPTP"
      },
      "geometry": {
        "type": "Polygon",
        "coordinates": [
          [
            [
              74.4022832,
              31.474414
            ],
            [
              74.4022801,
              31.4743325
            ],
            [
              74.4023634,
              31.4743302
            ],
            [
              74.4023665,
              31.4744118
            ],
            [
              74.4022832,
              31.474414
            ]
          ]
        ]
      },
      "id": "way/544939912"
    },
    {
      "type": "Feature",
      "properties": {
        "@id": "way/544944891",
        "addr:city": "Lahore",
        "addr:postcode": "54000",
        "addr:street": "St 148 Sec H Comm. Ph 1",
        "building": "yes",
        "level": "1",
        "name": "Gourmet Bakery",
        "shop": "bakery"
      },
      "geometry": {
        "type": "Polygon",
        "coordinates": [
          [
            [
              74.3958858,
              31.4827068
            ],
            [
              74.3958243,
              31.4827658
            ],
            [
              74.3956989,
              31.4826707
            ],
            [
              74.3957603,
              31.4826117
            ],
            [
              74.3958858,
              31.4827068
            ]
          ]
        ]
      },
      "id": "way/544944891"
    },
    {
      "type": "Feature",
      "properties": {
        "@id": "way/544944894",
        "addr:city": "Lahore",
        "addr:postcode": "54000",
        "addr:street": "St 148 Sec H Comm. Ph 1",
        "amenity": "restaurant",
        "building": "yes",
        "level": "2",
        "name": "Kababjees"
      },
      "geometry": {
        "type": "Polygon",
        "coordinates": [
          [
            [
              74.3955629,
              31.4828054
            ],
            [
              74.3956371,
              31.4827305
            ],
            [
              74.3957578,
              31.4828204
            ],
            [
              74.3956812,
              31.4828922
            ],
            [
              74.3955629,
              31.4828054
            ]
          ]
        ]
      },
      "id": "way/544944894"
    },
    {
      "type": "Feature",
      "properties": {
        "@id": "way/544944896",
        "addr:city": "Lahore",
        "addr:postcode": "54000",
        "addr:street": "St 148 Sec H Comm. Ph 1",
        "amenity": "restaurant",
        "building": "yes",
        "name": "Premiere Restaurant & Event Hall"
      },
      "geometry": {
        "type": "Polygon",
        "coordinates": [
          [
            [
              74.3956812,
              31.4828922
            ],
            [
              74.3956201,
              31.4829526
            ],
            [
              74.3955027,
              31.4828729
            ],
            [
              74.3955629,
              31.4828054
            ],
            [
              74.3956812,
              31.4828922
            ]
          ]
        ]
      },
      "id": "way/544944896"
    },
    {
      "type": "Feature",
      "properties": {
        "@id": "way/544945243",
        "addr:city": "Lahore",
        "addr:postcode": "54000",
        "building": "yes",
        "level": "2",
        "name": "Bread & Beyond",
        "shop": "bakery"
      },
      "geometry": {
        "type": "Polygon",
        "coordinates": [
          [
            [
              74.3954294,
              31.4833578
            ],
            [
              74.3953026,
              31.4832621
            ],
            [
              74.395371,
              31.4831962
            ],
            [
              74.3954978,
              31.4832919
            ],
            [
              74.3954294,
              31.4833578
            ]
          ]
        ]
      },
      "id": "way/544945243"
    },
    {
      "type": "Feature",
      "properties": {
        "@id": "way/544946687",
        "amenity": "cafe",
        "building": "yes",
        "ele": "1",
        "name": "The Hot Spot Cafe"
      },
      "geometry": {
        "type": "Polygon",
        "coordinates": [
          [
            [
              74.4016331,
              31.4742102
            ],
            [
              74.4015373,
              31.4742123
            ],
            [
              74.4015357,
              31.474159
            ],
            [
              74.4016315,
              31.4741569
            ],
            [
              74.4016331,
              31.4742102
            ]
          ]
        ]
      },
      "id": "way/544946687"
    },
    {
      "type": "Feature",
      "properties": {
        "@id": "way/544946697",
        "amenity": "restaurant",
        "building": "yes",
        "cuisine": "pizza",
        "ele": "1",
        "name": "Pizza Town"
      },
      "geometry": {
        "type": "Polygon",
        "coordinates": [
          [
            [
              74.39036,
              31.4702051
            ],
            [
              74.3904467,
              31.4702672
            ],
            [
              74.3903898,
              31.470325
            ],
            [
              74.3903031,
              31.4702629
            ],
            [
              74.39036,
              31.4702051
            ]
          ]
        ]
      },
      "id": "way/544946697"
    },
    {
      "type": "Feature",
      "properties": {
        "@id": "way/544946698",
        "amenity": "restaurant",
        "building": "yes",
        "ele": "1",
        "name": "Holy Smoke"
      },
      "geometry": {
        "type": "Polygon",
        "coordinates": [
          [
            [
              74.3905835,
              31.470071
            ],
            [
              74.3906708,
              31.4701344
            ],
            [
              74.3906131,
              31.4701922
            ],
            [
              74.3905258,
              31.4701289
            ],
            [
              74.3905835,
              31.470071
            ]
          ]
        ]
      },
      "id": "way/544946698"
    },
    {
      "type": "Feature",
      "properties": {
        "@id": "way/544946885",
        "addr:city": "Lahore",
        "addr:postcode": "54000",
        "amenity": "restaurant",
        "building": "yes",
        "level": "2",
        "name": "The New York Gyro"
      },
      "geometry": {
        "type": "Polygon",
        "coordinates": [
          [
            [
              74.3957578,
              31.4828204
            ],
            [
              74.3958243,
              31.4827658
            ],
            [
              74.3959395,
              31.4828571
            ],
            [
              74.3958773,
              31.4829129
            ],
            [
              74.3957578,
              31.4828204
            ]
          ]
        ]
      },
      "id": "way/544946885"
    },
    {
      "type": "Feature",
      "properties": {
        "@id": "way/544946944",
        "amenity": "restaurant",
        "building": "yes",
        "ele": "1",
        "name": "Haleem Campus",
        "toilets:wheelchair": "yes",
        "wheelchair": "yes"
      },
      "geometry": {
        "type": "Polygon",
        "coordinates": [
          [
            [
              74.389731,
              31.4698709
            ],
            [
              74.3896416,
              31.4698455
            ],
            [
              74.3896926,
              31.4697151
            ],
            [
              74.3897819,
              31.4697405
            ],
            [
              74.389731,
              31.4698709
            ]
          ]
        ]
      },
      "id": "way/544946944"
    },
    {
      "type": "Feature",
      "properties": {
        "@id": "way/544947232",
        "addr:city": "Lahore",
        "addr:postcode": "54000",
        "addr:street": "Faisal Ghulam Shaeed Road",
        "amenity": "restaurant",
        "building": "yes",
        "ele": "2",
        "name": "Italian Pizza Lahore"
      },
      "geometry": {
        "type": "Polygon",
        "coordinates": [
          [
            [
              74.4158633,
              31.478745
            ],
            [
              74.4159077,
              31.4788017
            ],
            [
              74.4157587,
              31.4788865
            ],
            [
              74.4157143,
              31.4788298
            ],
            [
              74.4158633,
              31.478745
            ]
          ]
        ]
      },
      "id": "way/544947232"
    },
    {
      "type": "Feature",
      "properties": {
        "@id": "way/544950769",
        "amenity": "restaurant",
        "building": "yes",
        "name": "Tandoor Restaurant"
      },
      "geometry": {
        "type": "Polygon",
        "coordinates": [
          [
            [
              74.3959109,
              31.4820613
            ],
            [
              74.3960019,
              31.4819734
            ],
            [
              74.3960835,
              31.4820358
            ],
            [
              74.3959938,
              31.4821227
            ],
            [
              74.3959109,
              31.4820613
            ]
          ]
        ]
      },
      "id": "way/544950769"
    },
    {
      "type": "Feature",
      "properties": {
        "@id": "way/544950771",
        "addr:city": "Lahore",
        "addr:postcode": "54000",
        "amenity": "restaurant",
        "building": "yes",
        "level": "1",
        "name": "Fazal-E-Haq Dera Restaurant"
      },
      "geometry": {
        "type": "Polygon",
        "coordinates": [
          [
            [
              74.395776,
              31.4821828
            ],
            [
              74.3958144,
              31.4821435
            ],
            [
              74.39583,
              31.4821267
            ],
            [
              74.3959033,
              31.4821764
            ],
            [
              74.3958512,
              31.4822322
            ],
            [
              74.395776,
              31.4821828
            ]
          ]
        ]
      },
      "id": "way/544950771"
    },
    {
      "type": "Feature",
      "properties": {
        "@id": "way/544955361",
        "addr:city": "Lahore",
        "addr:postcode": "54000",
        "amenity": "restaurant",
        "building": "yes",
        "level": "1",
        "name": "What'a Paratha"
      },
      "geometry": {
        "type": "Polygon",
        "coordinates": [
          [
            [
              74.3955851,
              31.4823706
            ],
            [
              74.3956162,
              31.4823389
            ],
            [
              74.3956464,
              31.4823095
            ],
            [
              74.3957225,
              31.4823627
            ],
            [
              74.3956612,
              31.482425
            ],
            [
              74.3955851,
              31.4823706
            ]
          ]
        ]
      },
      "id": "way/544955361"
    },
    {
      "type": "Feature",
      "properties": {
        "@id": "way/544955362",
        "addr:city": "Lahore",
        "addr:postcode": "54000",
        "amenity": "restaurant",
        "building": "yes",
        "level": "1",
        "name": "Ravi Family Restaurant"
      },
      "geometry": {
        "type": "Polygon",
        "coordinates": [
          [
            [
              74.3954664,
              31.482492
            ],
            [
              74.3955252,
              31.4824297
            ],
            [
              74.3955935,
              31.4824756
            ],
            [
              74.3955318,
              31.4825393
            ],
            [
              74.3954664,
              31.482492
            ]
          ]
        ]
      },
      "id": "way/544955362"
    },
    {
      "type": "Feature",
      "properties": {
        "@id": "way/544955364",
        "addr:city": "Lahore",
        "addr:postcode": "54000",
        "amenity": "restaurant",
        "building": "yes",
        "level": "1",
        "name": "Cock and Bull"
      },
      "geometry": {
        "type": "Polygon",
        "coordinates": [
          [
            [
              74.3960019,
              31.4819734
            ],
            [
              74.3959109,
              31.4820613
            ],
            [
              74.3958312,
              31.4820013
            ],
            [
              74.3959223,
              31.4819134
            ],
            [
              74.3960019,
              31.4819734
            ]
          ]
        ]
      },
      "id": "way/544955364"
    },
    {
      "type": "Feature",
      "properties": {
        "@id": "way/544976762",
        "amenity": "restaurant",
        "building": "yes",
        "ele": "2",
        "name": "Frooty Bar"
      },
      "geometry": {
        "type": "Polygon",
        "coordinates": [
          [
            [
              74.3791357,
              31.4661877
            ],
            [
              74.3792289,
              31.4662181
            ],
            [
              74.3791975,
              31.4662864
            ],
            [
              74.3791057,
              31.4662569
            ],
            [
              74.3791357,
              31.4661877
            ]
          ]
        ]
      },
      "id": "way/544976762"
    },
    {
      "type": "Feature",
      "properties": {
        "@id": "way/544976766",
        "amenity": "restaurant",
        "building": "yes",
        "ele": "1"
      },
      "geometry": {
        "type": "Polygon",
        "coordinates": [
          [
            [
              74.3792289,
              31.4662181
            ],
            [
              74.3792885,
              31.4662381
            ],
            [
              74.379257,
              31.4663064
            ],
            [
              74.3791975,
              31.4662864
            ],
            [
              74.3792289,
              31.4662181
            ]
          ]
        ]
      },
      "id": "way/544976766"
    },
    {
      "type": "Feature",
      "properties": {
        "@id": "way/544976781",
        "amenity": "restaurant",
        "building": "yes",
        "ele": "1",
        "name": "Raffy Caterers & BBQ"
      },
      "geometry": {
        "type": "Polygon",
        "coordinates": [
          [
            [
              74.3744794,
              31.4577233
            ],
            [
              74.3745542,
              31.4577812
            ],
            [
              74.3745024,
              31.4578299
            ],
            [
              74.3744275,
              31.457772
            ],
            [
              74.3744794,
              31.4577233
            ]
          ]
        ]
      },
      "id": "way/544976781"
    },
    {
      "type": "Feature",
      "properties": {
        "@id": "way/544978067",
        "addr:city": "Lahore",
        "addr:postcode": "54000",
        "amenity": "fast_food",
        "building": "yes",
        "level": "1",
        "name": "Italian Express"
      },
      "geometry": {
        "type": "Polygon",
        "coordinates": [
          [
            [
              74.3957195,
              31.4822395
            ],
            [
              74.3956822,
              31.4822758
            ],
            [
              74.3956098,
              31.48222
            ],
            [
              74.3956449,
              31.4821854
            ],
            [
              74.3957195,
              31.4822395
            ]
          ]
        ]
      },
      "id": "way/544978067"
    },
    {
      "type": "Feature",
      "properties": {
        "@id": "way/544978069",
        "addr:city": "Lahore",
        "addr:postcode": "54000",
        "amenity": "fast_food",
        "building": "yes",
        "level": "1",
        "name": "Nama Burger"
      },
      "geometry": {
        "type": "Polygon",
        "coordinates": [
          [
            [
              74.3956822,
              31.4822758
            ],
            [
              74.3956464,
              31.4823095
            ],
            [
              74.395574,
              31.4822537
            ],
            [
              74.3956098,
              31.48222
            ],
            [
              74.3956822,
              31.4822758
            ]
          ]
        ]
      },
      "id": "way/544978069"
    },
    {
      "type": "Feature",
      "properties": {
        "@id": "way/544980236",
        "building": "yes",
        "ele": "2",
        "name": "Allied Bakers",
        "shop": "bakery"
      },
      "geometry": {
        "type": "Polygon",
        "coordinates": [
          [
            [
              74.3747337,
              31.4584757
            ],
            [
              74.374642,
              31.4585642
            ],
            [
              74.3745866,
              31.4585224
            ],
            [
              74.3746783,
              31.458434
            ],
            [
              74.3747337,
              31.4584757
            ]
          ]
        ]
      },
      "id": "way/544980236"
    },
    {
      "type": "Feature",
      "properties": {
        "@id": "way/544980237",
        "amenity": "restaurant",
        "building": "yes",
        "cuisine": "pizza",
        "ele": "1",
        "name": "The Pizza Company"
      },
      "geometry": {
        "type": "Polygon",
        "coordinates": [
          [
            [
              74.3745704,
              31.4582937
            ],
            [
              74.3746194,
              31.4583362
            ],
            [
              74.3745438,
              31.4583996
            ],
            [
              74.3744948,
              31.4583571
            ],
            [
              74.3745704,
              31.4582937
            ]
          ]
        ]
      },
      "id": "way/544980237"
    },
    {
      "type": "Feature",
      "properties": {
        "@id": "way/544980239",
        "amenity": "restaurant",
        "building": "yes",
        "ele": "1",
        "name": "Sauce Up"
      },
      "geometry": {
        "type": "Polygon",
        "coordinates": [
          [
            [
              74.368249,
              31.4556209
            ],
            [
              74.3681879,
              31.4556829
            ],
            [
              74.3681035,
              31.4556223
            ],
            [
              74.3681647,
              31.4555603
            ],
            [
              74.368249,
              31.4556209
            ]
          ]
        ]
      },
      "id": "way/544980239"
    },
    {
      "type": "Feature",
      "properties": {
        "@id": "way/545000876",
        "addr:city": "Lahore",
        "addr:postcode": "54000",
        "addr:street": "Sec G Comm. Ph 1",
        "amenity": "fast_food",
        "building": "yes",
        "level": "1",
        "name": "Kings & Queens Pizza Parlour"
      },
      "geometry": {
        "type": "Polygon",
        "coordinates": [
          [
            [
              74.3953753,
              31.4838057
            ],
            [
              74.3954915,
              31.4836993
            ],
            [
              74.3955602,
              31.4837538
            ],
            [
              74.3954439,
              31.4838603
            ],
            [
              74.3953753,
              31.4838057
            ]
          ]
        ]
      },
      "id": "way/545000876"
    },
    {
      "type": "Feature",
      "properties": {
        "@id": "way/545151787",
        "addr:city": "Lahore",
        "addr:postcode": "54000",
        "addr:street": "Sec G Comm. Ph 1",
        "amenity": "restaurant",
        "building": "yes",
        "level": "2",
        "name": "Al-Minaal Arabian Cafe"
      },
      "geometry": {
        "type": "Polygon",
        "coordinates": [
          [
            [
              74.3937902,
              31.4833942
            ],
            [
              74.3939039,
              31.4832873
            ],
            [
              74.3939671,
              31.4833378
            ],
            [
              74.3938555,
              31.4834447
            ],
            [
              74.3937902,
              31.4833942
            ]
          ]
        ]
      },
      "id": "way/545151787"
    },
    {
      "type": "Feature",
      "properties": {
        "@id": "way/545158236",
        "addr:city": "Lahore",
        "addr:postcode": "54000",
        "addr:street": "Sec G Comm. Ph 1",
        "amenity": "fast_food",
        "building": "yes",
        "cuisine": "pizza",
        "level": "2",
        "name": "Pizza Time"
      },
      "geometry": {
        "type": "Polygon",
        "coordinates": [
          [
            [
              74.3937902,
              31.4833942
            ],
            [
              74.3937141,
              31.4833343
            ],
            [
              74.3938251,
              31.483228
            ],
            [
              74.3939039,
              31.4832873
            ],
            [
              74.3937902,
              31.4833942
            ]
          ]
        ]
      },
      "id": "way/545158236"
    },
    {
      "type": "Feature",
      "properties": {
        "@id": "way/545161754",
        "addr:city": "Lahore",
        "addr:postcode": "54000",
        "addr:street": "Sec G Comm. Ph 1",
        "amenity": "restaurant",
        "building": "yes",
        "level": "1",
        "name": "Al-Noor Restaurant"
      },
      "geometry": {
        "type": "Polygon",
        "coordinates": [
          [
            [
              74.3943246,
              31.4836101
            ],
            [
              74.3944316,
              31.4835048
            ],
            [
              74.394515,
              31.4835665
            ],
            [
              74.3944081,
              31.4836718
            ],
            [
              74.3943246,
              31.4836101
            ]
          ]
        ]
      },
      "id": "way/545161754"
    },
    {
      "type": "Feature",
      "properties": {
        "@id": "way/545394338",
        "addr:city": "Lahore",
        "addr:postcode": "54000",
        "addr:street": "Sec G Comm. Ph 1",
        "amenity": "cafe",
        "building": "yes",
        "level": "1",
        "name": "Books and Brew Cafe"
      },
      "geometry": {
        "type": "Polygon",
        "coordinates": [
          [
            [
              74.3934594,
              31.483943
            ],
            [
              74.3932944,
              31.483982
            ],
            [
              74.3932599,
              31.483893
            ],
            [
              74.3934302,
              31.4838571
            ],
            [
              74.3934594,
              31.483943
            ]
          ]
        ]
      },
      "id": "way/545394338"
    },
    {
      "type": "Feature",
      "properties": {
        "@id": "way/545395163",
        "addr:city": "Lahore",
        "addr:postcode": "54000",
        "amenity": "fast_food",
        "building": "yes",
        "cuisine": "pizza",
        "level": "1",
        "name": "The Zawak Pizza"
      },
      "geometry": {
        "type": "Polygon",
        "coordinates": [
          [
            [
              74.3934767,
              31.4845411
            ],
            [
              74.3936395,
              31.4845004
            ],
            [
              74.3936589,
              31.4845525
            ],
            [
              74.3934979,
              31.4845962
            ],
            [
              74.3934767,
              31.4845411
            ]
          ]
        ]
      },
      "id": "way/545395163"
    },
    {
      "type": "Feature",
      "properties": {
        "@id": "way/545477451",
        "addr:city": "Lahore",
        "addr:housenumber": "Askari 11 Sector B",
        "amenity": "restaurant",
        "building": "yes",
        "name": "Spice Lounge (Old Handi Roti)"
      },
      "geometry": {
        "type": "Polygon",
        "coordinates": [
          [
            [
              74.4309977,
              31.4469371
            ],
            [
              74.4309702,
              31.4468118
            ],
            [
              74.4309542,
              31.4467388
            ],
            [
              74.4312811,
              31.4466558
            ],
            [
              74.4315862,
              31.4468061
            ],
            [
              74.4315003,
              31.4468318
            ],
            [
              74.4309977,
              31.4469371
            ]
          ]
        ]
      },
      "id": "way/545477451"
    },
    {
      "type": "Feature",
      "properties": {
        "@id": "way/545985267",
        "addr:city": "Lahore",
        "addr:postcode": "540000",
        "amenity": "restaurant",
        "building": "yes",
        "level": "1",
        "name": "Continental Restaurant"
      },
      "geometry": {
        "type": "Polygon",
        "coordinates": [
          [
            [
              74.3777196,
              31.5193236
            ],
            [
              74.377699,
              31.5191192
            ],
            [
              74.3780229,
              31.5190955
            ],
            [
              74.3780435,
              31.5192999
            ],
            [
              74.3777196,
              31.5193236
            ]
          ]
        ]
      },
      "id": "way/545985267"
    },
    {
      "type": "Feature",
      "properties": {
        "@id": "way/545985268",
        "amenity": "restaurant",
        "building": "yes",
        "level": "1",
        "name": "DeSOM Barbecue Restaurant"
      },
      "geometry": {
        "type": "Polygon",
        "coordinates": [
          [
            [
              74.3780529,
              31.5190089
            ],
            [
              74.3784634,
              31.5189934
            ],
            [
              74.3784735,
              31.5191865
            ],
            [
              74.3784111,
              31.5192451
            ],
            [
              74.378106,
              31.5192433
            ],
            [
              74.3780781,
              31.5192268
            ],
            [
              74.3780631,
              31.5192048
            ],
            [
              74.3780529,
              31.5190089
            ]
          ]
        ]
      },
      "id": "way/545985268"
    },
    {
      "type": "Feature",
      "properties": {
        "@id": "way/545985269",
        "amenity": "restaurant",
        "building": "yes",
        "level": "1",
        "name": "Lahori Restaurant"
      },
      "geometry": {
        "type": "Polygon",
        "coordinates": [
          [
            [
              74.3788887,
              31.5192651
            ],
            [
              74.3788573,
              31.5189751
            ],
            [
              74.3794024,
              31.5189322
            ],
            [
              74.3794338,
              31.5192222
            ],
            [
              74.3788887,
              31.5192651
            ]
          ]
        ]
      },
      "id": "way/545985269"
    },
    {
      "type": "Feature",
      "properties": {
        "@id": "way/545985274",
        "addr:city": "Lahore",
        "addr:postcode": "540000",
        "amenity": "restaurant",
        "building": "yes",
        "level": "2",
        "name": "La Belle Vie"
      },
      "geometry": {
        "type": "Polygon",
        "coordinates": [
          [
            [
              74.3777888,
              31.5185161
            ],
            [
              74.3777771,
              31.5183843
            ],
            [
              74.3778112,
              31.5183821
            ],
            [
              74.3778149,
              31.5184238
            ],
            [
              74.3778781,
              31.5184197
            ],
            [
              74.3778835,
              31.5184809
            ],
            [
              74.3778275,
              31.5184845
            ],
            [
              74.3778301,
              31.5185135
            ],
            [
              74.3777888,
              31.5185161
            ]
          ]
        ]
      },
      "id": "way/545985274"
    },
    {
      "type": "Feature",
      "properties": {
        "@id": "way/545985275",
        "addr:city": "Lahore",
        "addr:postcode": "540000",
        "amenity": "restaurant",
        "building": "yes",
        "level": "1",
        "name": "Wing Lee"
      },
      "geometry": {
        "type": "Polygon",
        "coordinates": [
          [
            [
              74.377574,
              31.5183734
            ],
            [
              74.3775675,
              31.5182749
            ],
            [
              74.3776946,
              31.5182687
            ],
            [
              74.3777011,
              31.5183673
            ],
            [
              74.377574,
              31.5183734
            ]
          ]
        ]
      },
      "id": "way/545985275"
    },
    {
      "type": "Feature",
      "properties": {
        "@id": "way/545994889",
        "addr:city": "Lahore",
        "addr:postcode": "54000",
        "amenity": "fast_food",
        "building": "yes",
        "cuisine": "burger",
        "level": "1",
        "name": "Burger Justice"
      },
      "geometry": {
        "type": "Polygon",
        "coordinates": [
          [
            [
              74.3914029,
              31.4847857
            ],
            [
              74.3913384,
              31.4847892
            ],
            [
              74.3913329,
              31.4847003
            ],
            [
              74.3913975,
              31.484698
            ],
            [
              74.3914029,
              31.4847857
            ]
          ]
        ]
      },
      "id": "way/545994889"
    },
    {
      "type": "Feature",
      "properties": {
        "@id": "way/546092310",
        "addr:city": "Lahore",
        "addr:postcode": "54000",
        "addr:street": "Khyaban e Jinnah",
        "building": "yes",
        "level": "2",
        "name": "Butt Sweets & Bakers",
        "shop": "bakery"
      },
      "geometry": {
        "type": "Polygon",
        "coordinates": [
          [
            [
              74.393259,
              31.4831876
            ],
            [
              74.3933174,
              31.4831276
            ],
            [
              74.3934275,
              31.4832062
            ],
            [
              74.3933676,
              31.4832681
            ],
            [
              74.393259,
              31.4831876
            ]
          ]
        ]
      },
      "id": "way/546092310"
    },
    {
      "type": "Feature",
      "properties": {
        "@id": "way/546092313",
        "addr:city": "Lahore",
        "addr:postcode": "54000",
        "addr:street": "Khyaban e Jinnah",
        "amenity": "fast_food",
        "brand": "McDonald's",
        "brand:ar": "مكدونالدز",
        "brand:de": "McDonald’s",
        "brand:en": "McDonald's",
        "brand:fa": "مکدونالدز",
        "brand:pnb": "میکڈونلڈز",
        "brand:ps": "مکډونالډز",
        "brand:ur": "مکڈونلڈز",
        "brand:wikidata": "Q38076",
        "brand:wikipedia": "ur:مکڈونلڈز",
        "brand:wikipedia:ar": "مكدونالدز",
        "brand:wikipedia:fa": "مکدونالدز",
        "brand:wikipedia:pnb": "میکڈونلڈز",
        "brand:wikipedia:ps": "مکډونالډز",
        "brand:wikipedia:ur": "مکڈونلڈز",
        "building": "yes",
        "cuisine": "burger",
        "level": "2",
        "name": "McDonald's",
        "name:ar": "مكدونالدز",
        "name:de": "McDonald’s",
        "name:en": "McDonald's",
        "name:fa": "مکدونالدز",
        "name:pnb": "میکڈونلڈز",
        "name:ps": "مکډونالډز",
        "name:ur": "مکڈونلڈز",
        "takeaway": "yes"
      },
      "geometry": {
        "type": "Polygon",
        "coordinates": [
          [
            [
              74.3937209,
              31.4827532
            ],
            [
              74.3937793,
              31.4826906
            ],
            [
              74.3938917,
              31.4827645
            ],
            [
              74.3938279,
              31.4828294
            ],
            [
              74.3937209,
              31.4827532
            ]
          ]
        ]
      },
      "id": "way/546092313"
    },
    {
      "type": "Feature",
      "properties": {
        "@id": "way/546100651",
        "addr:city": "Lahore",
        "addr:postcode": "54000",
        "amenity": "cafe",
        "building": "yes",
        "level": "1",
        "name": "Planet Cafe"
      },
      "geometry": {
        "type": "Polygon",
        "coordinates": [
          [
            [
              74.3942179,
              31.4826869
            ],
            [
              74.3941537,
              31.4827528
            ],
            [
              74.3940083,
              31.4826451
            ],
            [
              74.3940721,
              31.48258
            ],
            [
              74.3942179,
              31.4826869
            ]
          ]
        ]
      },
      "id": "way/546100651"
    },
    {
      "type": "Feature",
      "properties": {
        "@id": "way/546258856",
        "addr:city": "Lahore",
        "addr:postcode": "540000",
        "amenity": "food_court",
        "building": "yes",
        "level": "1",
        "name": "Pan Shop & Cold Corner"
      },
      "geometry": {
        "type": "Polygon",
        "coordinates": [
          [
            [
              74.3800347,
              31.5211857
            ],
            [
              74.3801085,
              31.5211086
            ],
            [
              74.3801694,
              31.521151
            ],
            [
              74.3800956,
              31.521228
            ],
            [
              74.3800347,
              31.5211857
            ]
          ]
        ]
      },
      "id": "way/546258856"
    },
    {
      "type": "Feature",
      "properties": {
        "@id": "way/546258859",
        "amenity": "food_court",
        "building": "yes",
        "level": "1",
        "name": "Kitchen Cuisine"
      },
      "geometry": {
        "type": "Polygon",
        "coordinates": [
          [
            [
              74.3803155,
              31.5210227
            ],
            [
              74.3802024,
              31.5209422
            ],
            [
              74.3803261,
              31.5208159
            ],
            [
              74.3804392,
              31.5208964
            ],
            [
              74.3803155,
              31.5210227
            ]
          ]
        ]
      },
      "id": "way/546258859"
    },
    {
      "type": "Feature",
      "properties": {
        "@id": "way/546258869",
        "addr:city": "Lahore",
        "addr:postcode": "54000",
        "amenity": "restaurant",
        "building": "yes",
        "check_date": "2024-09-15",
        "name": "PAF Officers Mess"
      },
      "geometry": {
        "type": "Polygon",
        "coordinates": [
          [
            [
              74.3802347,
              31.5134526
            ],
            [
              74.3802112,
              31.5130813
            ],
            [
              74.3805297,
              31.5130666
            ],
            [
              74.3805532,
              31.5134379
            ],
            [
              74.3802347,
              31.5134526
            ]
          ]
        ]
      },
      "id": "way/546258869"
    },
    {
      "type": "Feature",
      "properties": {
        "@id": "way/586294005",
        "amenity": "restaurant",
        "building": "yes",
        "name": "Gourmet Marriage"
      },
      "geometry": {
        "type": "Polygon",
        "coordinates": [
          [
            [
              74.3305634,
              31.5432147
            ],
            [
              74.3305237,
              31.5428972
            ],
            [
              74.3308656,
              31.5428661
            ],
            [
              74.3309053,
              31.5431836
            ],
            [
              74.3305634,
              31.5432147
            ]
          ]
        ]
      },
      "id": "way/586294005"
    },
    {
      "type": "Feature",
      "properties": {
        "@id": "way/674391604",
        "addr:city": "Lahore",
        "addr:postcode": "54000",
        "addr:street": "Airport Ghazi Rd",
        "building": "yes",
        "ele": "1",
        "name": "New Butt Sweets & Bakers",
        "shop": "bakery"
      },
      "geometry": {
        "type": "Polygon",
        "coordinates": [
          [
            [
              74.4142418,
              31.4895536
            ],
            [
              74.4144422,
              31.4894014
            ],
            [
              74.4144642,
              31.4894204
            ],
            [
              74.4145251,
              31.4894731
            ],
            [
              74.4143223,
              31.4896249
            ],
            [
              74.4142418,
              31.4895536
            ]
          ]
        ]
      },
      "id": "way/674391604"
    },
    {
      "type": "Feature",
      "properties": {
        "@id": "way/674391606",
        "addr:city": "Lahore",
        "addr:postcode": "54000",
        "addr:street": "Airport Ghazi Rd",
        "amenity": "fast_food",
        "building": "yes",
        "cuisine": "fish_and_chips",
        "ele": "2",
        "name": "Haji Sardar Machli Farosh"
      },
      "geometry": {
        "type": "Polygon",
        "coordinates": [
          [
            [
              74.412837,
              31.4881114
            ],
            [
              74.4127924,
              31.4880632
            ],
            [
              74.4128686,
              31.4880104
            ],
            [
              74.4129142,
              31.4880577
            ],
            [
              74.4128849,
              31.4880781
            ],
            [
              74.412837,
              31.4881114
            ]
          ]
        ]
      },
      "id": "way/674391606"
    },
    {
      "type": "Feature",
      "properties": {
        "@id": "way/683288178",
        "amenity": "restaurant",
        "building": "yes",
        "name": "DATA"
      },
      "geometry": {
        "type": "Polygon",
        "coordinates": [
          [
            [
              74.4079163,
              31.4921558
            ],
            [
              74.4080867,
              31.4922772
            ],
            [
              74.4080003,
              31.4923688
            ],
            [
              74.4078579,
              31.4922473
            ],
            [
              74.4079163,
              31.4921558
            ]
          ]
        ]
      },
      "id": "way/683288178"
    },
    {
      "type": "Feature",
      "properties": {
        "@id": "way/683311181",
        "building": "yes",
        "name": "Gourmet Bakers",
        "shop": "bakery"
      },
      "geometry": {
        "type": "Polygon",
        "coordinates": [
          [
            [
              74.4032436,
              31.4948065
            ],
            [
              74.403264,
              31.4948602
            ],
            [
              74.4031664,
              31.4948793
            ],
            [
              74.4031522,
              31.4948325
            ],
            [
              74.4032436,
              31.4948065
            ]
          ]
        ]
      },
      "id": "way/683311181"
    },
    {
      "type": "Feature",
      "properties": {
        "@id": "way/683322086",
        "addr:city": "Lahore",
        "addr:postcode": "54000",
        "addr:street": "Ghazi Road",
        "amenity": "restaurant",
        "building": "yes",
        "ele": "1",
        "name": "iMOB"
      },
      "geometry": {
        "type": "Polygon",
        "coordinates": [
          [
            [
              74.4065292,
              31.4829855
            ],
            [
              74.4064902,
              31.4829556
            ],
            [
              74.4065681,
              31.4828793
            ],
            [
              74.4066109,
              31.482908
            ],
            [
              74.4065292,
              31.4829855
            ]
          ]
        ]
      },
      "id": "way/683322086"
    },
    {
      "type": "Feature",
      "properties": {
        "@id": "way/683332060",
        "amenity": "food_court",
        "building": "yes",
        "elevation": "2",
        "name": "Data Ali Hajveri Naan Shop"
      },
      "geometry": {
        "type": "Polygon",
        "coordinates": [
          [
            [
              74.4091246,
              31.5014442
            ],
            [
              74.4093091,
              31.5013651
            ],
            [
              74.4093599,
              31.5014427
            ],
            [
              74.4091952,
              31.5015169
            ],
            [
              74.4091731,
              31.5015266
            ],
            [
              74.4091246,
              31.5014442
            ]
          ]
        ]
      },
      "id": "way/683332060"
    },
    {
      "type": "Feature",
      "properties": {
        "@id": "way/683344001",
        "amenity": "restaurant",
        "building": "yes",
        "name": "Baba Ji And Son Shicken Shop"
      },
      "geometry": {
        "type": "Polygon",
        "coordinates": [
          [
            [
              74.4066963,
              31.4971598
            ],
            [
              74.4067887,
              31.4972308
            ],
            [
              74.4066963,
              31.4973148
            ],
            [
              74.4066008,
              31.4972491
            ],
            [
              74.4066963,
              31.4971598
            ]
          ]
        ]
      },
      "id": "way/683344001"
    },
    {
      "type": "Feature",
      "properties": {
        "@id": "way/684352233",
        "addr:city": "Lahore",
        "addr:street": "Khyaban e Jinnah",
        "amenity": "fast_food",
        "building": "yes",
        "name": "BURGERMAN"
      },
      "geometry": {
        "type": "Polygon",
        "coordinates": [
          [
            [
              74.402608,
              31.474794
            ],
            [
              74.4025956,
              31.4746646
            ],
            [
              74.4026912,
              31.4746601
            ],
            [
              74.4027046,
              31.4747882
            ],
            [
              74.402608,
              31.474794
            ]
          ]
        ]
      },
      "id": "way/684352233"
    },
    {
      "type": "Feature",
      "properties": {
        "@id": "way/684352234",
        "addr:city": "Lahore",
        "addr:street": "Khyaban e Jinnah",
        "building": "yes",
        "name": "Bundu Khan Sweets & Bakers",
        "shop": "bakery"
      },
      "geometry": {
        "type": "Polygon",
        "coordinates": [
          [
            [
              74.4031673,
              31.4747606
            ],
            [
              74.4030558,
              31.4747652
            ],
            [
              74.4030522,
              31.4746465
            ],
            [
              74.4031637,
              31.4746428
            ],
            [
              74.4031673,
              31.4747606
            ]
          ]
        ]
      },
      "id": "way/684352234"
    },
    {
      "type": "Feature",
      "properties": {
        "@id": "way/684352655",
        "addr:city": "Lahore",
        "addr:street": "Khyaban e Jinnah",
        "amenity": "cafe",
        "brand": "گلوریا جینز",
        "brand:ar": "قلوريا جينز",
        "brand:ur": "گلوریا جینز",
        "brand:website": "https://gloriajeanscoffees.com.pk",
        "brand:wikidata": "Q2666365",
        "brand:wikipedia": "ar:قلوريا جينز كافيه",
        "brand:wikipedia:ar": "قلوريا جينز كافيه",
        "building": "yes",
        "cuisine": "coffee_shop",
        "name": "گلوریا جینز",
        "name:ar": "قلوريا جينز",
        "name:en": "Gloria Jean's",
        "name:ur": "گلوریا جینز",
        "official_name": "گلوریا جینز کافیز",
        "official_name:ar": "قلوريا جينز كافيه",
        "official_name:ur": "گلوریا جینز کافیز",
        "shop": "coffee"
      },
      "geometry": {
        "type": "Polygon",
        "coordinates": [
          [
            [
              74.4023605,
              31.4746255
            ],
            [
              74.4023584,
              31.4745452
            ],
            [
              74.4024328,
              31.4745427
            ],
            [
              74.4024367,
              31.4746218
            ],
            [
              74.4023605,
              31.4746255
            ]
          ]
        ]
      },
      "id": "way/684352655"
    },
    {
      "type": "Feature",
      "properties": {
        "@id": "way/684352918",
        "addr:city": "Lahore",
        "addr:street": "Khyaban e Jinnah",
        "amenity": "restaurant",
        "building": "yes",
        "name": "Cafe Heeva"
      },
      "geometry": {
        "type": "Polygon",
        "coordinates": [
          [
            [
              74.4024957,
              31.474619
            ],
            [
              74.4024949,
              31.4745402
            ],
            [
              74.402562,
              31.4745375
            ],
            [
              74.4025661,
              31.4746161
            ],
            [
              74.4024957,
              31.474619
            ]
          ]
        ]
      },
      "id": "way/684352918"
    },
    {
      "type": "Feature",
      "properties": {
        "@id": "way/684354232",
        "addr:city": "Lahore",
        "amenity": "restaurant",
        "building": "yes",
        "name": "Bait Ul Sajji"
      },
      "geometry": {
        "type": "Polygon",
        "coordinates": [
          [
            [
              74.4025507,
              31.4743984
            ],
            [
              74.4025565,
              31.4743048
            ],
            [
              74.4026312,
              31.4743068
            ],
            [
              74.4026254,
              31.4743974
            ],
            [
              74.4025507,
              31.4743984
            ]
          ]
        ]
      },
      "id": "way/684354232"
    },
    {
      "type": "Feature",
      "properties": {
        "@id": "way/684354233",
        "addr:city": "Lahore",
        "amenity": "restaurant",
        "building": "yes",
        "name": "Dogar Restaurant"
      },
      "geometry": {
        "type": "Polygon",
        "coordinates": [
          [
            [
              74.4031916,
              31.4743765
            ],
            [
              74.403194,
              31.4742909
            ],
            [
              74.403271,
              31.4742899
            ],
            [
              74.403271,
              31.4743735
            ],
            [
              74.4031916,
              31.4743765
            ]
          ]
        ]
      },
      "id": "way/684354233"
    },
    {
      "type": "Feature",
      "properties": {
        "@id": "way/684354235",
        "addr:city": "Lahore",
        "amenity": "restaurant",
        "building": "yes",
        "name": "Sofra Restaurant"
      },
      "geometry": {
        "type": "Polygon",
        "coordinates": [
          [
            [
              74.4028669,
              31.4743907
            ],
            [
              74.4027953,
              31.4743933
            ],
            [
              74.4027922,
              31.4743053
            ],
            [
              74.4028661,
              31.4743073
            ],
            [
              74.4028669,
              31.4743907
            ]
          ]
        ]
      },
      "id": "way/684354235"
    },
    {
      "type": "Feature",
      "properties": {
        "@id": "way/684373638",
        "addr:city": "Lahore",
        "amenity": "fast_food",
        "building": "yes",
        "cuisine": "pizza",
        "name": "Pizzano Pizzas & Fast Food"
      },
      "geometry": {
        "type": "Polygon",
        "coordinates": [
          [
            [
              74.4019957,
              31.4739907
            ],
            [
              74.4019864,
              31.473911
            ],
            [
              74.4021195,
              31.4739011
            ],
            [
              74.4021265,
              31.4739788
            ],
            [
              74.4019957,
              31.4739907
            ]
          ]
        ]
      },
      "id": "way/684373638"
    },
    {
      "type": "Feature",
      "properties": {
        "@id": "way/684373641",
        "addr:city": "Lahore",
        "amenity": "ice_cream",
        "building": "yes",
        "ele": "1",
        "name": "Cold Stone"
      },
      "geometry": {
        "type": "Polygon",
        "coordinates": [
          [
            [
              74.4015227,
              31.473919
            ],
            [
              74.4016264,
              31.4739119
            ],
            [
              74.4016338,
              31.4739827
            ],
            [
              74.4015264,
              31.4739907
            ],
            [
              74.4015227,
              31.473919
            ]
          ]
        ]
      },
      "id": "way/684373641"
    },
    {
      "type": "Feature",
      "properties": {
        "@id": "way/684373642",
        "addr:city": "Lahore",
        "amenity": "ice_cream",
        "building": "yes",
        "ele": "1",
        "name": "iceCurl"
      },
      "geometry": {
        "type": "Polygon",
        "coordinates": [
          [
            [
              74.4016315,
              31.4741569
            ],
            [
              74.4015357,
              31.474159
            ],
            [
              74.4015427,
              31.4741002
            ],
            [
              74.4016268,
              31.4741002
            ],
            [
              74.4016315,
              31.4741569
            ]
          ]
        ]
      },
      "id": "way/684373642"
    },
    {
      "type": "Feature",
      "properties": {
        "@id": "way/684373643",
        "addr:city": "Lahore",
        "amenity": "ice_cream",
        "building": "yes",
        "ele": "1",
        "name": "Andersens Ice Cream"
      },
      "geometry": {
        "type": "Polygon",
        "coordinates": [
          [
            [
              74.4016338,
              31.4739827
            ],
            [
              74.4016408,
              31.4740365
            ],
            [
              74.4015311,
              31.4740405
            ],
            [
              74.4015264,
              31.4739907
            ],
            [
              74.4016338,
              31.4739827
            ]
          ]
        ]
      },
      "id": "way/684373643"
    },
    {
      "type": "Feature",
      "properties": {
        "@id": "way/685209683",
        "amenity": "restaurant",
        "building": "yes",
        "elevation": "2",
        "name": "chinese Hotel White House"
      },
      "geometry": {
        "type": "Polygon",
        "coordinates": [
          [
            [
              74.4223883,
              31.4990851
            ],
            [
              74.4222622,
              31.4987729
            ],
            [
              74.4225422,
              31.4986907
            ],
            [
              74.4226683,
              31.4990029
            ],
            [
              74.4223883,
              31.4990851
            ]
          ]
        ]
      },
      "id": "way/685209683"
    },
    {
      "type": "Feature",
      "properties": {
        "@id": "way/685212543",
        "amenity": "restaurant",
        "building": "yes",
        "elevation": "2",
        "name": "White House Hotel"
      },
      "geometry": {
        "type": "Polygon",
        "coordinates": [
          [
            [
              74.4227601,
              31.4989704
            ],
            [
              74.4226676,
              31.4987368
            ],
            [
              74.4228548,
              31.4986852
            ],
            [
              74.4229445,
              31.4989171
            ],
            [
              74.4227601,
              31.4989704
            ]
          ]
        ]
      },
      "id": "way/685212543"
    },
    {
      "type": "Feature",
      "properties": {
        "@id": "way/685355836",
        "amenity": "restaurant",
        "building": "yes",
        "elevation": "1"
      },
      "geometry": {
        "type": "Polygon",
        "coordinates": [
          [
            [
              74.4215863,
              31.4987733
            ],
            [
              74.421801,
              31.4986756
            ],
            [
              74.4218734,
              31.4987967
            ],
            [
              74.4216532,
              31.4988912
            ],
            [
              74.4215863,
              31.4987733
            ]
          ]
        ]
      },
      "id": "way/685355836"
    },
    {
      "type": "Feature",
      "properties": {
        "@id": "way/685355840",
        "amenity": "restaurant",
        "building": "yes",
        "elevation": "1"
      },
      "geometry": {
        "type": "Polygon",
        "coordinates": [
          [
            [
              74.4217516,
              31.4989903
            ],
            [
              74.4216948,
              31.4988922
            ],
            [
              74.4218378,
              31.498832
            ],
            [
              74.4218946,
              31.49893
            ],
            [
              74.4217516,
              31.4989903
            ]
          ]
        ]
      },
      "id": "way/685355840"
    },
    {
      "type": "Feature",
      "properties": {
        "@id": "way/686565656",
        "amenity": "fast_food",
        "brand": "سب وے",
        "brand:ar": "صبوي",
        "brand:ur": "سب وے",
        "brand:website": "https://www.subway.com",
        "brand:wikidata": "Q244457",
        "brand:wikipedia": "ar:صب واي",
        "building": "yes",
        "cuisine": "sandwich",
        "name": "سب وے",
        "name:ar": "صبوي",
        "name:de": "Subway",
        "name:en": "Subway",
        "name:es": "Subway",
        "name:ur": "سب وے"
      },
      "geometry": {
        "type": "Polygon",
        "coordinates": [
          [
            [
              74.4177004,
              31.5356847
            ],
            [
              74.4176969,
              31.5355864
            ],
            [
              74.4179373,
              31.5355802
            ],
            [
              74.4179408,
              31.5356785
            ],
            [
              74.4177004,
              31.5356847
            ]
          ]
        ]
      },
      "id": "way/686565656"
    },
    {
      "type": "Feature",
      "properties": {
        "@id": "way/686573127",
        "addr:city": "Lahore",
        "amenity": "restaurant",
        "building": "yes",
        "name": "The Backyard Grill"
      },
      "geometry": {
        "type": "Polygon",
        "coordinates": [
          [
            [
              74.4249807,
              31.5212421
            ],
            [
              74.4249295,
              31.5211148
            ],
            [
              74.4248869,
              31.5209912
            ],
            [
              74.4252409,
              31.520893
            ],
            [
              74.4253305,
              31.5211185
            ],
            [
              74.4249807,
              31.5212421
            ]
          ]
        ]
      },
      "id": "way/686573127"
    },
    {
      "type": "Feature",
      "properties": {
        "@id": "way/686779300",
        "building": "yes",
        "name": "Kitchen Cuisine",
        "shop": "bakery"
      },
      "geometry": {
        "type": "Polygon",
        "coordinates": [
          [
            [
              74.380472,
              31.5207211
            ],
            [
              74.3804852,
              31.5206276
            ],
            [
              74.3806537,
              31.5206449
            ],
            [
              74.3806406,
              31.5207384
            ],
            [
              74.380472,
              31.5207211
            ]
          ]
        ]
      },
      "id": "way/686779300"
    },
    {
      "type": "Feature",
      "properties": {
        "@id": "way/687291696",
        "amenity": "restaurant",
        "building": "yes",
        "name": "Taste Corner"
      },
      "geometry": {
        "type": "Polygon",
        "coordinates": [
          [
            [
              74.4114186,
              31.537427
            ],
            [
              74.4115938,
              31.5374241
            ],
            [
              74.411597,
              31.5374954
            ],
            [
              74.4114219,
              31.5375011
            ],
            [
              74.4114186,
              31.537427
            ]
          ]
        ]
      },
      "id": "way/687291696"
    },
    {
      "type": "Feature",
      "properties": {
        "@id": "way/688558042",
        "addr:city": "Lahore",
        "amenity": "fast_food",
        "building": "yes",
        "cuisine": "burger",
        "ele": "1",
        "name": "Outpost BYOB"
      },
      "geometry": {
        "type": "Polygon",
        "coordinates": [
          [
            [
              74.4474348,
              31.5221222
            ],
            [
              74.4474348,
              31.5219829
            ],
            [
              74.4476216,
              31.5219749
            ],
            [
              74.4476262,
              31.5221222
            ],
            [
              74.4474348,
              31.5221222
            ]
          ]
        ]
      },
      "id": "way/688558042"
    },
    {
      "type": "Feature",
      "properties": {
        "@id": "way/688558043",
        "addr:city": "Lahore",
        "amenity": "restaurant",
        "building": "yes",
        "ele": "1",
        "name": "Chai Shaai"
      },
      "geometry": {
        "type": "Polygon",
        "coordinates": [
          [
            [
              74.4476477,
              31.5219626
            ],
            [
              74.4476477,
              31.521876
            ],
            [
              74.4478264,
              31.521876
            ],
            [
              74.4478264,
              31.5219626
            ],
            [
              74.4476477,
              31.5219626
            ]
          ]
        ]
      },
      "id": "way/688558043"
    },
    {
      "type": "Feature",
      "properties": {
        "@id": "way/689587066",
        "amenity": "restaurant",
        "building": "yes",
        "name": "ذاکر ٹکا",
        "name:en": "Zakir Tikka",
        "name:ur": "ذاکر ٹکا"
      },
      "geometry": {
        "type": "Polygon",
        "coordinates": [
          [
            [
              74.3760876,
              31.5261868
            ],
            [
              74.3761995,
              31.5261828
            ],
            [
              74.3762091,
              31.5263832
            ],
            [
              74.3760973,
              31.5263871
            ],
            [
              74.3760876,
              31.5261868
            ]
          ]
        ]
      },
      "id": "way/689587066"
    },
    {
      "type": "Feature",
      "properties": {
        "@id": "way/689587913",
        "amenity": "restaurant",
        "building": "yes",
        "name": "بابا جمال ٹکا شاپ",
        "name:en": "Baba Jamal Tikka Shop",
        "name:ur": "بابا جمال ٹکا شاپ"
      },
      "geometry": {
        "type": "Polygon",
        "coordinates": [
          [
            [
              74.3784571,
              31.5280491
            ],
            [
              74.3786063,
              31.5280466
            ],
            [
              74.3785886,
              31.528107
            ],
            [
              74.3784585,
              31.5281092
            ],
            [
              74.3784571,
              31.5280491
            ]
          ]
        ]
      },
      "id": "way/689587913"
    },
    {
      "type": "Feature",
      "properties": {
        "@id": "way/690133036",
        "amenity": "restaurant",
        "building": "yes",
        "name": "Alamode Cafe"
      },
      "geometry": {
        "type": "Polygon",
        "coordinates": [
          [
            [
              74.3716296,
              31.5380454
            ],
            [
              74.3716373,
              31.5384629
            ],
            [
              74.371593,
              31.5384636
            ],
            [
              74.3715485,
              31.5384621
            ],
            [
              74.3714839,
              31.5384469
            ],
            [
              74.3714288,
              31.538419
            ],
            [
              74.3713878,
              31.538384
            ],
            [
              74.37136,
              31.538346
            ],
            [
              74.371343,
              31.5383064
            ],
            [
              74.3713364,
              31.5382738
            ],
            [
              74.3713368,
              31.5382328
            ],
            [
              74.3713436,
              31.5382014
            ],
            [
              74.3713492,
              31.5381874
            ],
            [
              74.3713545,
              31.5381741
            ],
            [
              74.3713719,
              31.5381452
            ],
            [
              74.3713955,
              31.5381178
            ],
            [
              74.3714237,
              31.5380942
            ],
            [
              74.3714591,
              31.5380733
            ],
            [
              74.3714972,
              31.5380583
            ],
            [
              74.371543,
              31.5380483
            ],
            [
              74.3715852,
              31.5380459
            ],
            [
              74.3716296,
              31.5380454
            ]
          ]
        ]
      },
      "id": "way/690133036"
    },
    {
      "type": "Feature",
      "properties": {
        "@id": "way/690136724",
        "amenity": "food_court",
        "building": "yes",
        "name": "AMC Mess"
      },
      "geometry": {
        "type": "Polygon",
        "coordinates": [
          [
            [
              74.3786202,
              31.5407489
            ],
            [
              74.3786195,
              31.5406227
            ],
            [
              74.3787079,
              31.5406223
            ],
            [
              74.3787172,
              31.5405865
            ],
            [
              74.3789422,
              31.5405857
            ],
            [
              74.3789423,
              31.5406176
            ],
            [
              74.3790454,
              31.5406172
            ],
            [
              74.3790461,
              31.5407474
            ],
            [
              74.3786202,
              31.5407489
            ]
          ]
        ]
      },
      "id": "way/690136724"
    },
    {
      "type": "Feature",
      "properties": {
        "@id": "way/690138695",
        "amenity": "restaurant",
        "building": "yes",
        "name": "Food Fashion"
      },
      "geometry": {
        "type": "Polygon",
        "coordinates": [
          [
            [
              74.3773496,
              31.5455731
            ],
            [
              74.3774932,
              31.5455676
            ],
            [
              74.3774984,
              31.545666
            ],
            [
              74.3773548,
              31.5456715
            ],
            [
              74.3773496,
              31.5455731
            ]
          ]
        ]
      },
      "id": "way/690138695"
    },
    {
      "type": "Feature",
      "properties": {
        "@id": "way/690185000",
        "building": "yes",
        "name": "Gourmet Bakers",
        "shop": "bakery"
      },
      "geometry": {
        "type": "Polygon",
        "coordinates": [
          [
            [
              74.3796515,
              31.5464427
            ],
            [
              74.3797567,
              31.5464506
            ],
            [
              74.3797488,
              31.5465274
            ],
            [
              74.3796436,
              31.5465195
            ],
            [
              74.3796515,
              31.5464427
            ]
          ]
        ]
      },
      "id": "way/690185000"
    },
    {
      "type": "Feature",
      "properties": {
        "@id": "way/691646885",
        "addr:city": "Lahore",
        "amenity": "restaurant",
        "building": "yes",
        "ele": "2",
        "name": "Aroma Grill"
      },
      "geometry": {
        "type": "Polygon",
        "coordinates": [
          [
            [
              74.4535386,
              31.5261228
            ],
            [
              74.4535285,
              31.5259811
            ],
            [
              74.453732,
              31.5259783
            ],
            [
              74.4537388,
              31.5261113
            ],
            [
              74.4535386,
              31.5261228
            ]
          ]
        ]
      },
      "id": "way/691646885"
    },
    {
      "type": "Feature",
      "properties": {
        "@id": "way/699333320",
        "amenity": "restaurant",
        "building": "yes",
        "name": "Khan Chapal Kebab House"
      },
      "geometry": {
        "type": "Polygon",
        "coordinates": [
          [
            [
              74.3826307,
              31.5055592
            ],
            [
              74.383087,
              31.5055345
            ],
            [
              74.383102,
              31.5057518
            ],
            [
              74.3829705,
              31.5057584
            ],
            [
              74.3829629,
              31.5056474
            ],
            [
              74.3826443,
              31.5056594
            ],
            [
              74.3826307,
              31.5055592
            ]
          ]
        ]
      },
      "id": "way/699333320"
    },
    {
      "type": "Feature",
      "properties": {
        "@id": "way/699559915",
        "building": "yes",
        "name": "Rahat Bakerrs & Departmental Store",
        "shop": "bakery"
      },
      "geometry": {
        "type": "Polygon",
        "coordinates": [
          [
            [
              74.3872762,
              31.494796
            ],
            [
              74.3872742,
              31.4946503
            ],
            [
              74.3873758,
              31.4946492
            ],
            [
              74.3873765,
              31.4946985
            ],
            [
              74.387448,
              31.4946978
            ],
            [
              74.3874501,
              31.4948425
            ],
            [
              74.3873696,
              31.4948433
            ],
            [
              74.387369,
              31.4947951
            ],
            [
              74.3872762,
              31.494796
            ]
          ]
        ]
      },
      "id": "way/699559915"
    },
    {
      "type": "Feature",
      "properties": {
        "@id": "way/699562697",
        "building": "yes",
        "name": "Gourmet",
        "shop": "bakery"
      },
      "geometry": {
        "type": "Polygon",
        "coordinates": [
          [
            [
              74.3871457,
              31.4919744
            ],
            [
              74.3871444,
              31.4919225
            ],
            [
              74.3872807,
              31.4919201
            ],
            [
              74.3872819,
              31.4919721
            ],
            [
              74.3871457,
              31.4919744
            ]
          ]
        ]
      },
      "id": "way/699562697"
    },
    {
      "type": "Feature",
      "properties": {
        "@id": "way/699562702",
        "amenity": "restaurant",
        "building": "yes",
        "name": "Al-Nakeeb Naan Shop"
      },
      "geometry": {
        "type": "Polygon",
        "coordinates": [
          [
            [
              74.3886299,
              31.4942708
            ],
            [
              74.3886415,
              31.4941394
            ],
            [
              74.3888106,
              31.4941502
            ],
            [
              74.3887989,
              31.4942817
            ],
            [
              74.3886299,
              31.4942708
            ]
          ]
        ]
      },
      "id": "way/699562702"
    },
    {
      "type": "Feature",
      "properties": {
        "@id": "way/699562705",
        "amenity": "restaurant",
        "building": "yes",
        "name": "Spice n Bite"
      },
      "geometry": {
        "type": "Polygon",
        "coordinates": [
          [
            [
              74.3872221,
              31.4943225
            ],
            [
              74.3872178,
              31.4941934
            ],
            [
              74.387353,
              31.4941902
            ],
            [
              74.3873573,
              31.4943192
            ],
            [
              74.3872221,
              31.4943225
            ]
          ]
        ]
      },
      "id": "way/699562705"
    },
    {
      "type": "Feature",
      "properties": {
        "@id": "way/699859058",
        "amenity": "restaurant",
        "building": "yes",
        "name": "Burger Bar"
      },
      "geometry": {
        "type": "Polygon",
        "coordinates": [
          [
            [
              74.3819208,
              31.4880755
            ],
            [
              74.3820203,
              31.488068
            ],
            [
              74.3820398,
              31.4882563
            ],
            [
              74.3819404,
              31.4882638
            ],
            [
              74.3819208,
              31.4880755
            ]
          ]
        ]
      },
      "id": "way/699859058"
    },
    {
      "type": "Feature",
      "properties": {
        "@id": "way/700535668",
        "addr:city": "Gulberg III, Lahore",
        "addr:street": "MM Alam Road",
        "amenity": "restaurant",
        "cuisine": "chinese",
        "name": "P.F. Chang's Pakistan",
        "website": "https://www.pfchangspk.com/"
      },
      "geometry": {
        "type": "Polygon",
        "coordinates": [
          [
            [
              74.351601,
              31.5161446
            ],
            [
              74.3516305,
              31.5162315
            ],
            [
              74.3512228,
              31.5162978
            ],
            [
              74.3511906,
              31.5161835
            ],
            [
              74.3515929,
              31.516108
            ],
            [
              74.351601,
              31.5161446
            ]
          ]
        ]
      },
      "id": "way/700535668"
    },
    {
      "type": "Feature",
      "properties": {
        "@id": "way/701751514",
        "amenity": "restaurant",
        "building": "yes",
        "name": "Yasir Broast"
      },
      "geometry": {
        "type": "Polygon",
        "coordinates": [
          [
            [
              74.401011,
              31.5488579
            ],
            [
              74.4009966,
              31.5487096
            ],
            [
              74.4011697,
              31.5486973
            ],
            [
              74.4011842,
              31.5488456
            ],
            [
              74.401011,
              31.5488579
            ]
          ]
        ]
      },
      "id": "way/701751514"
    },
    {
      "type": "Feature",
      "properties": {
        "@id": "way/701751517",
        "amenity": "restaurant",
        "building": "yes",
        "name": "Mansha Tikka"
      },
      "geometry": {
        "type": "Polygon",
        "coordinates": [
          [
            [
              74.4019497,
              31.5487883
            ],
            [
              74.4019341,
              31.5486682
            ],
            [
              74.4021174,
              31.5486509
            ],
            [
              74.402133,
              31.5487711
            ],
            [
              74.4019497,
              31.5487883
            ]
          ]
        ]
      },
      "id": "way/701751517"
    },
    {
      "type": "Feature",
      "properties": {
        "@id": "way/701792569",
        "amenity": "restaurant",
        "building": "yes",
        "name": "Pizza Domeno Hut Jory Pul"
      },
      "geometry": {
        "type": "Polygon",
        "coordinates": [
          [
            [
              74.4058538,
              31.548382
            ],
            [
              74.405831,
              31.5482112
            ],
            [
              74.4059655,
              31.5481981
            ],
            [
              74.4059883,
              31.548369
            ],
            [
              74.4058538,
              31.548382
            ]
          ]
        ]
      },
      "id": "way/701792569"
    },
    {
      "type": "Feature",
      "properties": {
        "@id": "way/706888134",
        "addr:city": "Lahore",
        "addr:street": "Ferozepur Road",
        "building": "yes",
        "ele": "2",
        "name": "Gourmet Bakers",
        "shop": "bakery"
      },
      "geometry": {
        "type": "Polygon",
        "coordinates": [
          [
            [
              74.3522777,
              31.452162
            ],
            [
              74.3523064,
              31.45207
            ],
            [
              74.3525047,
              31.4521152
            ],
            [
              74.3524759,
              31.4522071
            ],
            [
              74.3522777,
              31.452162
            ]
          ]
        ]
      },
      "id": "way/706888134"
    },
    {
      "type": "Feature",
      "properties": {
        "@id": "way/790319433",
        "amenity": "restaurant",
        "building": "yes",
        "name": "Chicken & Chip"
      },
      "geometry": {
        "type": "Polygon",
        "coordinates": [
          [
            [
              74.4503356,
              31.5235231
            ],
            [
              74.4504593,
              31.5236486
            ],
            [
              74.4503867,
              31.5237006
            ],
            [
              74.4503558,
              31.5236693
            ],
            [
              74.4501486,
              31.5238178
            ],
            [
              74.4500557,
              31.5237235
            ],
            [
              74.4503356,
              31.5235231
            ]
          ]
        ]
      },
      "id": "way/790319433"
    },
    {
      "type": "Feature",
      "properties": {
        "@id": "way/790322181",
        "amenity": "restaurant",
        "building": "yes",
        "name": "New Karachi Golden BBQ"
      },
      "geometry": {
        "type": "Polygon",
        "coordinates": [
          [
            [
              74.4498149,
              31.5238487
            ],
            [
              74.4500548,
              31.5237309
            ],
            [
              74.450104,
              31.5239443
            ],
            [
              74.4500081,
              31.5239604
            ],
            [
              74.4499992,
              31.5239221
            ],
            [
              74.449838,
              31.5239491
            ],
            [
              74.4498149,
              31.5238487
            ]
          ]
        ]
      },
      "id": "way/790322181"
    },
    {
      "type": "Feature",
      "properties": {
        "@id": "way/790322645",
        "amenity": "restaurant",
        "building": "yes",
        "name": "Ora Della Pizza"
      },
      "geometry": {
        "type": "Polygon",
        "coordinates": [
          [
            [
              74.453576,
              31.5248166
            ],
            [
              74.4535686,
              31.5246885
            ],
            [
              74.4536708,
              31.5246842
            ],
            [
              74.4536781,
              31.5248124
            ],
            [
              74.453576,
              31.5248166
            ]
          ]
        ]
      },
      "id": "way/790322645"
    },
    {
      "type": "Feature",
      "properties": {
        "@id": "way/790322646",
        "amenity": "restaurant",
        "building": "yes",
        "name": "The Hunger Hut"
      },
      "geometry": {
        "type": "Polygon",
        "coordinates": [
          [
            [
              74.4538035,
              31.5247669
            ],
            [
              74.4538035,
              31.5246689
            ],
            [
              74.4538689,
              31.5246689
            ],
            [
              74.453869,
              31.5247669
            ],
            [
              74.4538035,
              31.5247669
            ]
          ]
        ]
      },
      "id": "way/790322646"
    },
    {
      "type": "Feature",
      "properties": {
        "@id": "way/791054475",
        "amenity": "restaurant",
        "building": "yes",
        "name": "NIrala"
      },
      "geometry": {
        "type": "Polygon",
        "coordinates": [
          [
            [
              74.4552133,
              31.5298985
            ],
            [
              74.4552005,
              31.5297918
            ],
            [
              74.4551798,
              31.5296014
            ],
            [
              74.455844,
              31.5295508
            ],
            [
              74.4558643,
              31.5297935
            ],
            [
              74.4558725,
              31.5298627
            ],
            [
              74.4552133,
              31.5298985
            ]
          ]
        ]
      },
      "id": "way/791054475"
    },
    {
      "type": "Feature",
      "properties": {
        "@id": "way/791068883",
        "building": "yes",
        "name": "Dana Paani 2 Mart And Bakery",
        "shop": "bakery"
      },
      "geometry": {
        "type": "Polygon",
        "coordinates": [
          [
            [
              74.4522602,
              31.5318664
            ],
            [
              74.4522489,
              31.5317583
            ],
            [
              74.4526451,
              31.5317282
            ],
            [
              74.4526565,
              31.5318362
            ],
            [
              74.4522602,
              31.5318664
            ]
          ]
        ]
      },
      "id": "way/791068883"
    },
    {
      "type": "Feature",
      "properties": {
        "@id": "way/791660215",
        "building": "yes",
        "name": "Rahat Bakery",
        "shop": "bakery"
      },
      "geometry": {
        "type": "Polygon",
        "coordinates": [
          [
            [
              74.4522777,
              31.5220695
            ],
            [
              74.4524484,
              31.521917
            ],
            [
              74.4525805,
              31.5221629
            ],
            [
              74.4523716,
              31.5222444
            ],
            [
              74.4522777,
              31.5220695
            ]
          ]
        ]
      },
      "id": "way/791660215"
    },
    {
      "type": "Feature",
      "properties": {
        "@id": "way/792582720",
        "building": "yes",
        "name": "Rafiq Bakery",
        "shop": "bakery"
      },
      "geometry": {
        "type": "Polygon",
        "coordinates": [
          [
            [
              74.3707228,
              31.582765
            ],
            [
              74.3708748,
              31.5826911
            ],
            [
              74.3709057,
              31.5827632
            ],
            [
              74.3707517,
              31.5828123
            ],
            [
              74.3707228,
              31.582765
            ]
          ]
        ]
      },
      "id": "way/792582720"
    },
    {
      "type": "Feature",
      "properties": {
        "@id": "way/795117470",
        "amenity": "restaurant",
        "building": "yes",
        "name": "Grab Your Meal"
      },
      "geometry": {
        "type": "Polygon",
        "coordinates": [
          [
            [
              74.3501663,
              31.5220561
            ],
            [
              74.3503531,
              31.5222561
            ],
            [
              74.3502538,
              31.5223039
            ],
            [
              74.3501196,
              31.5220939
            ],
            [
              74.3501663,
              31.5220561
            ]
          ]
        ]
      },
      "id": "way/795117470"
    },
    {
      "type": "Feature",
      "properties": {
        "@id": "way/795128539",
        "amenity": "restaurant",
        "building": "yes",
        "name": "Cafe Zauk"
      },
      "geometry": {
        "type": "Polygon",
        "coordinates": [
          [
            [
              74.3516276,
              31.5204319
            ],
            [
              74.351666,
              31.5203142
            ],
            [
              74.3517981,
              31.5203455
            ],
            [
              74.3517597,
              31.5204632
            ],
            [
              74.3516276,
              31.5204319
            ]
          ]
        ]
      },
      "id": "way/795128539"
    },
    {
      "type": "Feature",
      "properties": {
        "@id": "way/795128540",
        "amenity": "restaurant",
        "building": "yes",
        "name": "Sweet Tooth"
      },
      "geometry": {
        "type": "Polygon",
        "coordinates": [
          [
            [
              74.3516182,
              31.5204561
            ],
            [
              74.3517438,
              31.5204817
            ],
            [
              74.351712,
              31.5205601
            ],
            [
              74.3516023,
              31.5205269
            ],
            [
              74.3516182,
              31.5204561
            ]
          ]
        ]
      },
      "id": "way/795128540"
    },
    {
      "type": "Feature",
      "properties": {
        "@id": "way/795128541",
        "amenity": "restaurant",
        "building": "yes",
        "name": "Taipei Chinese"
      },
      "geometry": {
        "type": "Polygon",
        "coordinates": [
          [
            [
              74.3519676,
              31.5203535
            ],
            [
              74.3521628,
              31.5204153
            ],
            [
              74.3520583,
              31.5206551
            ],
            [
              74.3518631,
              31.5205933
            ],
            [
              74.3519676,
              31.5203535
            ]
          ]
        ]
      },
      "id": "way/795128541"
    },
    {
      "type": "Feature",
      "properties": {
        "@id": "way/795128542",
        "amenity": "restaurant",
        "building": "yes"
      },
      "geometry": {
        "type": "Polygon",
        "coordinates": [
          [
            [
              74.3523532,
              31.5204288
            ],
            [
              74.3524844,
              31.5204747
            ],
            [
              74.3524198,
              31.5206088
            ],
            [
              74.3522886,
              31.5205628
            ],
            [
              74.3523532,
              31.5204288
            ]
          ]
        ]
      },
      "id": "way/795128542"
    },
    {
      "type": "Feature",
      "properties": {
        "@id": "way/795157845",
        "amenity": "restaurant",
        "building": "yes",
        "building:levels": "3"
      },
      "geometry": {
        "type": "Polygon",
        "coordinates": [
          [
            [
              74.3785994,
              31.4748433
            ],
            [
              74.3786857,
              31.4748703
            ],
            [
              74.3786258,
              31.4750098
            ],
            [
              74.3785396,
              31.4749829
            ],
            [
              74.3785994,
              31.4748433
            ]
          ]
        ]
      },
      "id": "way/795157845"
    },
    {
      "type": "Feature",
      "properties": {
        "@id": "way/795168545",
        "amenity": "restaurant",
        "building": "yes",
        "name": "Tabaq Restaurant"
      },
      "geometry": {
        "type": "Polygon",
        "coordinates": [
          [
            [
              74.3521564,
              31.5163746
            ],
            [
              74.3523457,
              31.5163602
            ],
            [
              74.3523641,
              31.5165367
            ],
            [
              74.3521749,
              31.5165511
            ],
            [
              74.3521564,
              31.5163746
            ]
          ]
        ]
      },
      "id": "way/795168545"
    },
    {
      "type": "Feature",
      "properties": {
        "@id": "way/795537062",
        "amenity": "fast_food",
        "brand": "ہارڈیز",
        "brand:ar": "هارديز",
        "brand:ur": "ہارڈیز",
        "brand:wikidata": "Q1585088",
        "brand:wikipedia": "ur:ہارڈیز",
        "brand:wikipedia:ur": "ہارڈیز",
        "building": "yes",
        "cuisine": "burger",
        "name": "ہارڈیز",
        "name:ar": "هارديز",
        "name:en": "Hardee's",
        "name:ur": "ہارڈیز",
        "takeaway": "yes"
      },
      "geometry": {
        "type": "Polygon",
        "coordinates": [
          [
            [
              74.3510474,
              31.5095835
            ],
            [
              74.350731,
              31.5096381
            ],
            [
              74.3506887,
              31.50946
            ],
            [
              74.3510052,
              31.5094054
            ],
            [
              74.3510474,
              31.5095835
            ]
          ]
        ]
      },
      "id": "way/795537062"
    },
    {
      "type": "Feature",
      "properties": {
        "@id": "way/800732712",
        "amenity": "restaurant",
        "building": "yes",
        "layer": "1"
      },
      "geometry": {
        "type": "Polygon",
        "coordinates": [
          [
            [
              74.4028769,
              31.4808747
            ],
            [
              74.4029947,
              31.4807579
            ],
            [
              74.4031375,
              31.4808665
            ],
            [
              74.4031163,
              31.4808909
            ],
            [
              74.4030226,
              31.4809824
            ],
            [
              74.4028769,
              31.4808747
            ]
          ]
        ]
      },
      "id": "way/800732712"
    },
    {
      "type": "Feature",
      "properties": {
        "@id": "way/883898670",
        "addr:city": "Lahore",
        "addr:housenumber": "Plot 37",
        "addr:postcode": "54000",
        "addr:street": "Block B, Johar Town",
        "amenity": "cafe",
        "building": "yes",
        "internet_access": "yes",
        "internet_access:fee": "no",
        "name": "Cafe Baran",
        "opening_hours": "Mo-Su 12:00-22:00",
        "outdoor_seating": "yes"
      },
      "geometry": {
        "type": "Polygon",
        "coordinates": [
          [
            [
              74.2942857,
              31.4666931
            ],
            [
              74.2941982,
              31.4666532
            ],
            [
              74.2943629,
              31.4663729
            ],
            [
              74.2942405,
              31.4662926
            ],
            [
              74.2944316,
              31.466268
            ],
            [
              74.2946252,
              31.4665052
            ],
            [
              74.2945236,
              31.4666264
            ],
            [
              74.2943827,
              31.4665566
            ],
            [
              74.2942857,
              31.4666931
            ]
          ]
        ]
      },
      "id": "way/883898670"
    },
    {
      "type": "Feature",
      "properties": {
        "@id": "way/1012000588",
        "amenity": "restaurant",
        "building": "yes",
        "cuisine": "chinese",
        "name": "Sichuan Chinese restaurant"
      },
      "geometry": {
        "type": "Polygon",
        "coordinates": [
          [
            [
              74.3543509,
              31.5222691
            ],
            [
              74.3542195,
              31.5221593
            ],
            [
              74.3544005,
              31.5220164
            ],
            [
              74.3545279,
              31.5221307
            ],
            [
              74.3543509,
              31.5222691
            ]
          ]
        ]
      },
      "id": "way/1012000588"
    },
    {
      "type": "Feature",
      "properties": {
        "@id": "way/1012013408",
        "amenity": "restaurant",
        "building": "yes"
      },
      "geometry": {
        "type": "Polygon",
        "coordinates": [
          [
            [
              74.4803213,
              31.5749615
            ],
            [
              74.480351,
              31.5747667
            ],
            [
              74.4805351,
              31.5747966
            ],
            [
              74.4805689,
              31.5749488
            ],
            [
              74.4803213,
              31.5749615
            ]
          ]
        ]
      },
      "id": "way/1012013408"
    },
    {
      "type": "Feature",
      "properties": {
        "@id": "way/1148007641",
        "alt_name": "Kentucky Fried Chicken",
        "alt_name:en": "Kentucky Fried Chicken",
        "alt_name:hi": "केंटुकी फ्राइड चिकन",
        "alt_name:pa": "ਕੈਂਟੁਕੀ ਫ੍ਰਾਈਡ ਚਿਕਨ",
        "alt_name:pnb": "کینٹکی فرائیڈ چکن",
        "alt_name:ur": "کینٹکی فرائیڈ چکن",
        "amenity": "fast_food",
        "brand": "KFC",
        "brand:en": "KFC",
        "brand:hi": "केएफसी",
        "brand:pa": "ਕੇਐਫਸੀ",
        "brand:pnb": "کے ایف سی",
        "brand:ur": "کے ایف سی",
        "brand:wikidata": "Q524757",
        "building": "yes",
        "cuisine": "chicken",
        "name": "KFC",
        "name:en": "KFC",
        "name:hi": "केएफसी",
        "name:pa": "ਕੇਐਫਸੀ",
        "name:pnb": "کے ایف سی",
        "name:ur": "کے ایف سی",
        "takeaway": "yes"
      },
      "geometry": {
        "type": "Polygon",
        "coordinates": [
          [
            [
              74.3956769,
              31.4812699
            ],
            [
              74.3958086,
              31.4811274
            ],
            [
              74.395941,
              31.481226
            ],
            [
              74.3958028,
              31.4813532
            ],
            [
              74.3956769,
              31.4812699
            ]
          ]
        ]
      },
      "id": "way/1148007641"
    },
    {
      "type": "Feature",
      "properties": {
        "@id": "way/1148008546",
        "amenity": "fast_food",
        "brand": "McDonald's",
        "brand:wikidata": "Q38076",
        "building": "yes",
        "cuisine": "burger",
        "drive_through": "yes",
        "name": "McDonald's",
        "takeaway": "yes"
      },
      "geometry": {
        "type": "Polygon",
        "coordinates": [
          [
            [
              74.2489412,
              31.3928658
            ],
            [
              74.2489062,
              31.3927296
            ],
            [
              74.2488393,
              31.3926691
            ],
            [
              74.2491008,
              31.3920195
            ],
            [
              74.2492934,
              31.3920753
            ],
            [
              74.2493361,
              31.3928527
            ],
            [
              74.2489412,
              31.3928658
            ]
          ]
        ]
      },
      "id": "way/1148008546"
    },
    {
      "type": "Feature",
      "properties": {
        "@id": "way/1148162533",
        "amenity": "fast_food",
        "brand": "McDonald's",
        "brand:wikidata": "Q38076",
        "building": "yes",
        "cuisine": "burger",
        "name": "McDonald's",
        "takeaway": "yes"
      },
      "geometry": {
        "type": "Polygon",
        "coordinates": [
          [
            [
              74.4255055,
              31.5052607
            ],
            [
              74.4255064,
              31.5050834
            ],
            [
              74.4255076,
              31.5049899
            ],
            [
              74.4257014,
              31.5049868
            ],
            [
              74.4256967,
              31.5052558
            ],
            [
              74.4255055,
              31.5052607
            ]
          ]
        ]
      },
      "id": "way/1148162533"
    },
    {
      "type": "Feature",
      "properties": {
        "@id": "way/1155861278",
        "addr:city": "Lahore",
        "addr:housenumber": "63 S",
        "addr:street": "Commercial Bock, Paragon City",
        "building": "yes",
        "name": "Jalal Sons",
        "opening_hours": "Mo-Su 09:00-21:00",
        "payment:cash": "yes",
        "payment:credit_cards": "yes",
        "payment:debit_cards": "yes",
        "phone": "+923204805000",
        "shop": "bakery"
      },
      "geometry": {
        "type": "Polygon",
        "coordinates": [
          [
            [
              74.4537916,
              31.5251804
            ],
            [
              74.4537743,
              31.525021
            ],
            [
              74.4538648,
              31.5250132
            ],
            [
              74.4538912,
              31.5251752
            ],
            [
              74.4537916,
              31.5251804
            ]
          ]
        ]
      },
      "id": "way/1155861278"
    },
    {
      "type": "Feature",
      "properties": {
        "@id": "way/1243458174",
        "addr:city": "Lahore",
        "addr:street": "نہر سڑک‎",
        "amenity": "restaurant",
        "building": "yes",
        "cuisine": "regional;burger;kebab",
        "name": "Khan Burger Family Restaurant"
      },
      "geometry": {
        "type": "Polygon",
        "coordinates": [
          [
            [
              74.4767931,
              31.5812181
            ],
            [
              74.476867,
              31.5809729
            ],
            [
              74.4770559,
              31.5810074
            ],
            [
              74.4769776,
              31.5812601
            ],
            [
              74.4767931,
              31.5812181
            ]
          ]
        ]
      },
      "id": "way/1243458174"
    },
    {
      "type": "Feature",
      "properties": {
        "@id": "way/1243458175",
        "addr:city": "Lahore",
        "addr:street": "نہر سڑک‎",
        "amenity": "restaurant",
        "building": "yes",
        "name": "Umair Shinwari Restaurant and Kabuli Pulao"
      },
      "geometry": {
        "type": "Polygon",
        "coordinates": [
          [
            [
              74.4773746,
              31.5813204
            ],
            [
              74.477454,
              31.5810791
            ],
            [
              74.4775549,
              31.5811066
            ],
            [
              74.4774712,
              31.5813424
            ],
            [
              74.4773746,
              31.5813204
            ]
          ]
        ]
      },
      "id": "way/1243458175"
    },
    {
      "type": "Feature",
      "properties": {
        "@id": "way/1263441615",
        "amenity": "restaurant",
        "building": "yes"
      },
      "geometry": {
        "type": "Polygon",
        "coordinates": [
          [
            [
              74.1745145,
              31.3578666
            ],
            [
              74.174513,
              31.3577476
            ],
            [
              74.1747202,
              31.3577542
            ],
            [
              74.1747086,
              31.3578686
            ],
            [
              74.1745145,
              31.3578666
            ]
          ]
        ]
      },
      "id": "way/1263441615"
    },
    {
      "type": "Feature",
      "properties": {
        "@id": "way/1263443492",
        "amenity": "restaurant",
        "building": "yes"
      },
      "geometry": {
        "type": "Polygon",
        "coordinates": [
          [
            [
              74.1853054,
              31.3737706
            ],
            [
              74.1853834,
              31.3736593
            ],
            [
              74.1855579,
              31.3737392
            ],
            [
              74.1854893,
              31.3738475
            ],
            [
              74.1853054,
              31.3737706
            ]
          ]
        ]
      },
      "id": "way/1263443492"
    },
    {
      "type": "Feature",
      "properties": {
        "@id": "way/1263957808",
        "amenity": "restaurant",
        "building": "yes",
        "name": "Bahria Country Restaurant"
      },
      "geometry": {
        "type": "Polygon",
        "coordinates": [
          [
            [
              74.1881463,
              31.3697883
            ],
            [
              74.1881474,
              31.3697532
            ],
            [
              74.1881701,
              31.3697743
            ],
            [
              74.1882786,
              31.3696891
            ],
            [
              74.1884107,
              31.369694
            ],
            [
              74.1884089,
              31.3697301
            ],
            [
              74.1889346,
              31.3697495
            ],
            [
              74.1889364,
              31.3697133
            ],
            [
              74.1889373,
              31.3697133
            ],
            [
              74.1889353,
              31.3697437
            ],
            [
              74.1890017,
              31.369747
            ],
            [
              74.1889964,
              31.369826
            ],
            [
              74.1890168,
              31.3698353
            ],
            [
              74.1890157,
              31.3698676
            ],
            [
              74.1888011,
              31.3698625
            ],
            [
              74.1888019,
              31.369838
            ],
            [
              74.1883572,
              31.3698275
            ],
            [
              74.1883601,
              31.3697411
            ],
            [
              74.1882962,
              31.3697396
            ],
            [
              74.1882936,
              31.3698202
            ],
            [
              74.1881921,
              31.3698178
            ],
            [
              74.188193,
              31.3697894
            ],
            [
              74.1881463,
              31.3697883
            ]
          ]
        ]
      },
      "id": "way/1263957808"
    },
    {
      "type": "Feature",
      "properties": {
        "@id": "way/1273056077",
        "amenity": "cafe",
        "brand": "Gloria Jean's",
        "brand:wikidata": "Q2666365",
        "building": "yes",
        "cuisine": "coffee_shop",
        "name": "Gloria Jean's",
        "official_name": "Gloria Jean's Coffees",
        "takeaway": "yes"
      },
      "geometry": {
        "type": "Polygon",
        "coordinates": [
          [
            [
              74.4369504,
              31.4531118
            ],
            [
              74.4369319,
              31.453056
            ],
            [
              74.4369834,
              31.4530436
            ],
            [
              74.4369792,
              31.453031
            ],
            [
              74.4370092,
              31.4530238
            ],
            [
              74.4370139,
              31.4530381
            ],
            [
              74.4370359,
              31.4530327
            ],
            [
              74.4370296,
              31.4530138
            ],
            [
              74.4370696,
              31.4530041
            ],
            [
              74.4370939,
              31.4530771
            ],
            [
              74.4369504,
              31.4531118
            ]
          ]
        ]
      },
      "id": "way/1273056077"
    },
    {
      "type": "Feature",
      "properties": {
        "@id": "way/1273065297",
        "amenity": "food_court",
        "building": "yes"
      },
      "geometry": {
        "type": "Polygon",
        "coordinates": [
          [
            [
              74.4333334,
              31.4482168
            ],
            [
              74.4333705,
              31.4481346
            ],
            [
              74.4333949,
              31.4480805
            ],
            [
              74.4333988,
              31.4480719
            ],
            [
              74.4334342,
              31.4480689
            ],
            [
              74.4334767,
              31.4481821
            ],
            [
              74.4333334,
              31.4482168
            ]
          ]
        ]
      },
      "id": "way/1273065297"
    },
    {
      "type": "Feature",
      "properties": {
        "@id": "way/1273079530",
        "amenity": "fast_food",
        "building": "yes",
        "name": "BRGR - Askari 11"
      },
      "geometry": {
        "type": "Polygon",
        "coordinates": [
          [
            [
              74.4319537,
              31.4510177
            ],
            [
              74.4320151,
              31.4510066
            ],
            [
              74.4320409,
              31.4512214
            ],
            [
              74.4319971,
              31.4512236
            ],
            [
              74.4319798,
              31.4512258
            ],
            [
              74.4319537,
              31.4510177
            ]
          ]
        ]
      },
      "id": "way/1273079530"
    },
    {
      "type": "Feature",
      "properties": {
        "@id": "way/1273079536",
        "amenity": "fast_food",
        "brand": "McDonald's",
        "brand:wikidata": "Q38076",
        "building": "yes",
        "cuisine": "burger",
        "name": "McDonald's",
        "takeaway": "yes"
      },
      "geometry": {
        "type": "Polygon",
        "coordinates": [
          [
            [
              74.4317925,
              31.4517673
            ],
            [
              74.4315923,
              31.4518152
            ],
            [
              74.4315311,
              31.4516817
            ],
            [
              74.4317354,
              31.4516237
            ],
            [
              74.4317925,
              31.4517673
            ]
          ]
        ]
      },
      "id": "way/1273079536"
    },
    {
      "type": "Feature",
      "properties": {
        "@id": "way/1434464841",
        "amenity": "cafe",
        "building": "university",
        "layer": "-1",
        "name": "Food Street"
      },
      "geometry": {
        "type": "Polygon",
        "coordinates": [
          [
            [
              74.2675933,
              31.4465826
            ],
            [
              74.2675877,
              31.4465556
            ],
            [
              74.2677571,
              31.4465374
            ],
            [
              74.2679553,
              31.4465223
            ],
            [
              74.2679897,
              31.4465501
            ],
            [
              74.2681526,
              31.4465483
            ],
            [
              74.2681535,
              31.4465564
            ],
            [
              74.2680008,
              31.4465636
            ],
            [
              74.2679665,
              31.4465652
            ],
            [
              74.2678287,
              31.446566
            ],
            [
              74.2675933,
              31.4465826
            ]
          ]
        ]
      },
      "id": "way/1434464841"
    },
    {
      "type": "Feature",
      "properties": {
        "@id": "way/1434464842",
        "amenity": "cafe",
        "building": "university",
        "name": "Cafe A"
      },
      "geometry": {
        "type": "Polygon",
        "coordinates": [
          [
            [
              74.2676873,
              31.4473027
            ],
            [
              74.2678967,
              31.4473004
            ],
            [
              74.2678957,
              31.4473742
            ],
            [
              74.2678334,
              31.447375
            ],
            [
              74.2678334,
              31.4474028
            ],
            [
              74.2677822,
              31.4474012
            ],
            [
              74.267771,
              31.4474187
            ],
            [
              74.2676882,
              31.447421
            ],
            [
              74.2676873,
              31.4473027
            ]
          ]
        ]
      },
      "id": "way/1434464842"
    },
    {
      "type": "Feature",
      "properties": {
        "@id": "way/1444676039",
        "addr:city": "Lahore",
        "addr:housenumber": "51",
        "addr:postcode": "54000",
        "addr:street": "Main Boulevard Gulberg",
        "alt_name": "Kentucky Fried Chicken",
        "alt_name:en": "Kentucky Fried Chicken",
        "alt_name:hi": "केंटुकी फ्राइड चिकन",
        "alt_name:pa": "ਕੈਂਟੁਕੀ ਫ੍ਰਾਈਡ ਚਿਕਨ",
        "alt_name:pnb": "کینٹکی فرائیڈ چکن",
        "alt_name:ur": "کینٹکی فرائیڈ چکن",
        "amenity": "fast_food",
        "brand": "KFC",
        "brand:en": "KFC",
        "brand:hi": "केएफसी",
        "brand:pa": "ਕੇਐਫਸੀ",
        "brand:pnb": "کے ایف سی",
        "brand:ur": "کے ایف سی",
        "brand:wikidata": "Q524757",
        "building": "yes",
        "cuisine": "chicken",
        "drive_through": "yes",
        "layer": "1",
        "name": "KFC",
        "name:en": "KFC",
        "name:hi": "केएफसी",
        "name:pa": "ਕੇਐਫਸੀ",
        "name:pnb": "کے ایف سی",
        "name:ur": "کے ایف سی",
        "phone": "+923016313555",
        "takeaway": "yes"
      },
      "geometry": {
        "type": "Polygon",
        "coordinates": [
          [
            [
              74.3495781,
              31.5273453
            ],
            [
              74.3496568,
              31.5275117
            ],
            [
              74.3493023,
              31.5276333
            ],
            [
              74.3492237,
              31.527467
            ],
            [
              74.3495781,
              31.5273453
            ]
          ]
        ]
      },
      "id": "way/1444676039"
    },
    {
      "type": "Feature",
      "properties": {
        "@id": "way/1445707310",
        "amenity": "fast_food",
        "building": "yes"
      },
      "geometry": {
        "type": "Polygon",
        "coordinates": [
          [
            [
              74.2557007,
              31.5453577
            ],
            [
              74.2557588,
              31.5454092
            ],
            [
              74.2557151,
              31.5454445
            ],
            [
              74.255657,
              31.5453948
            ],
            [
              74.2557007,
              31.5453577
            ]
          ]
        ]
      },
      "id": "way/1445707310"
    },
    {
      "type": "Feature",
      "properties": {
        "@id": "way/1445707311",
        "amenity": "restaurant",
        "building": "yes"
      },
      "geometry": {
        "type": "Polygon",
        "coordinates": [
          [
            [
              74.255688,
              31.5453498
            ],
            [
              74.2554779,
              31.5455115
            ],
            [
              74.2554348,
              31.5454725
            ],
            [
              74.2556447,
              31.5453122
            ],
            [
              74.255688,
              31.5453498
            ]
          ]
        ]
      },
      "id": "way/1445707311"
    },
    {
      "type": "Feature",
      "properties": {
        "@id": "way/1469517055",
        "addr:city": "Lahore",
        "addr:street": "D.H.A. Main Blvd, New Super Town, Lahore, Pakistan",
        "amenity": "restaurant",
        "building": "yes",
        "cuisine": "https://www.facebook.com/share/p/ttg1xpbauyg4bu9u/?mibextid=ofdknk",
        "delivery": "yes",
        "name": "Lahore Organic Village",
        "name:ur": "لاہور نامیاتی گاؤں",
        "opening_hours": "Mo-Su 12:00-22:00",
        "outdoor_seating": "yes",
        "payment:credit_cards": "yes",
        "payment:debit_cards": "yes",
        "phone": "+92-345-1003324",
        "takeaway": "yes",
        "toilets:wheelchair": "yes",
        "website": "https://lahoreorganicvillage.pk/"
      },
      "geometry": {
        "type": "Polygon",
        "coordinates": [
          [
            [
              74.3789007,
              31.4902635
            ],
            [
              74.3790044,
              31.4902847
            ],
            [
              74.37923,
              31.4903203
            ],
            [
              74.3792131,
              31.4903869
            ],
            [
              74.3788892,
              31.4903266
            ],
            [
              74.3788589,
              31.4903083
            ],
            [
              74.3789007,
              31.4902635
            ]
          ]
        ]
      },
      "id": "way/1469517055"
    },
    {
      "type": "Feature",
      "properties": {
        "@id": "way/1473703058",
        "amenity": "restaurant",
        "building": "yes",
        "name": "Green Olive"
      },
      "geometry": {
        "type": "Polygon",
        "coordinates": [
          [
            [
              74.4113418,
              31.4687371
            ],
            [
              74.4113847,
              31.4686899
            ],
            [
              74.4114966,
              31.4687701
            ],
            [
              74.411451,
              31.4688125
            ],
            [
              74.4113418,
              31.4687371
            ]
          ]
        ]
      },
      "id": "way/1473703058"
    },
    {
      "type": "Feature",
      "properties": {
        "@id": "way/1481276902",
        "building": "yes",
        "name": "Pick N Pay Super Store",
        "shop": "bakery"
      },
      "geometry": {
        "type": "Polygon",
        "coordinates": [
          [
            [
              74.3197965,
              31.6003225
            ],
            [
              74.3196638,
              31.6003113
            ],
            [
              74.3197003,
              31.6001959
            ],
            [
              74.3198315,
              31.6001971
            ],
            [
              74.3198294,
              31.6002045
            ],
            [
              74.3197965,
              31.6003225
            ]
          ]
        ]
      },
      "id": "way/1481276902"
    },
    {
      "type": "Feature",
      "properties": {
        "@id": "way/1481276903",
        "amenity": "restaurant",
        "building": "yes",
        "cuisine": "pizza"
      },
      "geometry": {
        "type": "Polygon",
        "coordinates": [
          [
            [
              74.3199276,
              31.6003672
            ],
            [
              74.3198008,
              31.6003721
            ],
            [
              74.3198294,
              31.6002045
            ],
            [
              74.319951,
              31.6002132
            ],
            [
              74.3199276,
              31.6003672
            ]
          ]
        ]
      },
      "id": "way/1481276903"
    },
    {
      "type": "Feature",
      "properties": {
        "@id": "way/1482281592",
        "amenity": "cafe",
        "building": "yes",
        "name": "Offside Cafe"
      },
      "geometry": {
        "type": "Polygon",
        "coordinates": [
          [
            [
              74.4125285,
              31.4691811
            ],
            [
              74.4125562,
              31.469142
            ],
            [
              74.4125961,
              31.4691471
            ],
            [
              74.4125574,
              31.4691935
            ],
            [
              74.4125285,
              31.4691811
            ]
          ]
        ]
      },
      "id": "way/1482281592"
    },
    {
      "type": "Feature",
      "properties": {
        "@id": "way/1516119475",
        "alt_name": "Kentucky Fried Chicken",
        "alt_name:en": "Kentucky Fried Chicken",
        "alt_name:pnb": "کینٹکی فرائیڈ چکن",
        "alt_name:ur": "کینٹکی فرائیڈ چکن",
        "amenity": "fast_food",
        "brand": "KFC",
        "brand:en": "KFC",
        "brand:hi": "केएफसी",
        "brand:pa": "ਕੇਐਫਸੀ",
        "brand:pnb": "کے ایف سی",
        "brand:ur": "کے ایف سی",
        "brand:wikidata": "Q524757",
        "building": "yes",
        "cuisine": "chicken",
        "drive_through": "yes",
        "name": "KFC",
        "name:en": "KFC",
        "name:hi": "केएफसी",
        "name:pa": "ਕੇਐਫਸੀ",
        "name:pnb": "کے ایف سی",
        "name:ur": "کے ایف سی",
        "operator": "KFC Pakistan",
        "takeaway": "yes"
      },
      "geometry": {
        "type": "Polygon",
        "coordinates": [
          [
            [
              74.4557805,
              31.4831855
            ],
            [
              74.4555046,
              31.4829758
            ],
            [
              74.4556672,
              31.4825146
            ],
            [
              74.4561452,
              31.4828523
            ],
            [
              74.4557805,
              31.4831855
            ]
          ]
        ]
      },
      "id": "way/1516119475"
    },
    {
      "type": "Feature",
      "properties": {
        "@id": "way/1516119717",
        "amenity": "cafe",
        "brand": "Tim Hortons",
        "brand:wikidata": "Q175106",
        "building": "yes",
        "cuisine": "coffee_shop",
        "drive_through": "yes",
        "name": "Tim Hortons",
        "takeaway": "yes"
      },
      "geometry": {
        "type": "Polygon",
        "coordinates": [
          [
            [
              74.4549569,
              31.4824971
            ],
            [
              74.4552642,
              31.4821896
            ],
            [
              74.4555907,
              31.4824342
            ],
            [
              74.4551755,
              31.482673
            ],
            [
              74.4549569,
              31.4824971
            ]
          ]
        ]
      },
      "id": "way/1516119717"
    },
    {
      "type": "Feature",
      "properties": {
        "@id": "way/1516120087",
        "amenity": "ice_cream",
        "building": "yes",
        "delivery": "yes",
        "drive_through": "no",
        "name": "Sweet Creme",
        "outdoor_seating": "no",
        "takeaway": "yes"
      },
      "geometry": {
        "type": "Polygon",
        "coordinates": [
          [
            [
              74.4535108,
              31.4814151
            ],
            [
              74.4533399,
              31.4813079
            ],
            [
              74.4535846,
              31.4809361
            ],
            [
              74.4538066,
              31.4811276
            ],
            [
              74.4535108,
              31.4814151
            ]
          ]
        ]
      },
      "id": "way/1516120087"
    },
    {
      "type": "Feature",
      "properties": {
        "@id": "way/1516135919",
        "amenity": "restaurant",
        "branch": "Phase 6 DHA Lahore",
        "building": "yes",
        "cuisine": "chinese;regional;italian;indian",
        "delivery": "yes",
        "layer": "1",
        "name": "Spice Bazaar Phase 6 DHA Lahore",
        "takeaway": "yes",
        "toilets": "yes"
      },
      "geometry": {
        "type": "Polygon",
        "coordinates": [
          [
            [
              74.4466092,
              31.4763
            ],
            [
              74.4462758,
              31.4760532
            ],
            [
              74.4462135,
              31.4758667
            ],
            [
              74.446389,
              31.4755909
            ],
            [
              74.4469541,
              31.4759914
            ],
            [
              74.4466092,
              31.4763
            ]
          ]
        ]
      },
      "id": "way/1516135919"
    },
    {
      "type": "Feature",
      "properties": {
        "@id": "node/272344518",
        "amenity": "cafe",
        "created_by": "Potlatch 0.9c",
        "name": "Services Club"
      },
      "geometry": {
        "type": "Point",
        "coordinates": [
          74.3777319,
          31.5185277
        ]
      },
      "id": "node/272344518"
    },
    {
      "type": "Feature",
      "properties": {
        "@id": "node/272381173",
        "amenity": "cafe",
        "created_by": "Potlatch 0.9c"
      },
      "geometry": {
        "type": "Point",
        "coordinates": [
          74.3536993,
          31.5379372
        ]
      },
      "id": "node/272381173"
    },
    {
      "type": "Feature",
      "properties": {
        "@id": "node/526681563",
        "amenity": "cafe",
        "key": "OGSA, Department of Geography",
        "name": "Main Cafeteria"
      },
      "geometry": {
        "type": "Point",
        "coordinates": [
          74.3078108,
          31.5036865
        ]
      },
      "id": "node/526681563"
    },
    {
      "type": "Feature",
      "properties": {
        "@id": "node/526690133",
        "amenity": "restaurant",
        "key": "Punjab University Lahore",
        "name": "Main Cafeteria"
      },
      "geometry": {
        "type": "Point",
        "coordinates": [
          74.3068676,
          31.4971045
        ]
      },
      "id": "node/526690133"
    },
    {
      "type": "Feature",
      "properties": {
        "@id": "node/533746184",
        "amenity": "fast_food",
        "brand": "ڈنکن ڈونٹس",
        "brand:ar": "دانكن دونتس",
        "brand:ur": "ڈنکن ڈونٹس",
        "brand:wikidata": "Q847743",
        "brand:wikipedia": "ar:دانكن دونتس",
        "cuisine": "donut;coffee_shop",
        "name": "ڈنکن ڈونٹس",
        "name:ar": "دانكن دونتس",
        "name:en": "Dunkin' Donuts",
        "name:ur": "ڈنکن ڈونٹس",
        "takeaway": "yes"
      },
      "geometry": {
        "type": "Point",
        "coordinates": [
          74.3781516,
          31.4753496
        ]
      },
      "id": "node/533746184"
    },
    {
      "type": "Feature",
      "properties": {
        "@id": "node/533746262",
        "amenity": "restaurant",
        "name": "Gourmet Grill"
      },
      "geometry": {
        "type": "Point",
        "coordinates": [
          74.3785748,
          31.4747018
        ]
      },
      "id": "node/533746262"
    },
    {
      "type": "Feature",
      "properties": {
        "@id": "node/533746378",
        "amenity": "restaurant",
        "name": "Bundu Khan"
      },
      "geometry": {
        "type": "Point",
        "coordinates": [
          74.3792443,
          31.4735599
        ]
      },
      "id": "node/533746378"
    },
    {
      "type": "Feature",
      "properties": {
        "@id": "node/533746576",
        "amenity": "fast_food"
      },
      "geometry": {
        "type": "Point",
        "coordinates": [
          74.3765691,
          31.4743901
        ]
      },
      "id": "node/533746576"
    },
    {
      "type": "Feature",
      "properties": {
        "@id": "node/533746600",
        "amenity": "fast_food"
      },
      "geometry": {
        "type": "Point",
        "coordinates": [
          74.3766437,
          31.4733988
        ]
      },
      "id": "node/533746600"
    },
    {
      "type": "Feature",
      "properties": {
        "@id": "node/533747360",
        "amenity": "cafe",
        "brand": "گلوریا جینز",
        "brand:ar": "قلوريا جينز",
        "brand:ur": "گلوریا جینز",
        "brand:website": "https://gloriajeanscoffees.com.pk",
        "brand:wikidata": "Q2666365",
        "brand:wikipedia": "ar:قلوريا جينز كافيه",
        "brand:wikipedia:ar": "قلوريا جينز كافيه",
        "cuisine": "coffee_shop",
        "name": "گلوریا جینز",
        "name:ar": "قلوريا جينز",
        "name:en": "Gloria Jean's",
        "name:ur": "گلوریا جینز",
        "official_name": "گلوریا جینز کافیز",
        "official_name:ar": "قلوريا جينز كافيه",
        "official_name:ur": "گلوریا جینز کافیز",
        "shop": "coffee",
        "takeaway": "yes"
      },
      "geometry": {
        "type": "Point",
        "coordinates": [
          74.3792357,
          31.4741675
        ]
      },
      "id": "node/533747360"
    },
    {
      "type": "Feature",
      "properties": {
        "@id": "node/1064545340",
        "amenity": "pub",
        "tourism": "picnic_site"
      },
      "geometry": {
        "type": "Point",
        "coordinates": [
          74.3228034,
          31.5092673
        ]
      },
      "id": "node/1064545340"
    },
    {
      "type": "Feature",
      "properties": {
        "@id": "node/1241932083",
        "amenity": "restaurant",
        "ele": "200.32",
        "name": "Bundu Khan",
        "source:ele": "gpx"
      },
      "geometry": {
        "type": "Point",
        "coordinates": [
          74.3155192,
          31.5654607
        ]
      },
      "id": "node/1241932083"
    },
    {
      "type": "Feature",
      "properties": {
        "@id": "node/1305478198",
        "amenity": "pub",
        "name": "Iceland"
      },
      "geometry": {
        "type": "Point",
        "coordinates": [
          74.3572969,
          31.4739337
        ]
      },
      "id": "node/1305478198"
    },
    {
      "type": "Feature",
      "properties": {
        "@id": "node/1357553199",
        "name": "Gourmet Bakers",
        "shop": "bakery"
      },
      "geometry": {
        "type": "Point",
        "coordinates": [
          74.2937463,
          31.4662272
        ]
      },
      "id": "node/1357553199"
    },
    {
      "type": "Feature",
      "properties": {
        "@id": "node/1357553204",
        "shop": "bakery"
      },
      "geometry": {
        "type": "Point",
        "coordinates": [
          74.298188,
          31.468698
        ]
      },
      "id": "node/1357553204"
    },
    {
      "type": "Feature",
      "properties": {
        "@id": "node/1384171068",
        "addr:housenumber": "1709",
        "addr:street": "MM Alam Road",
        "amenity": "cafe",
        "name": "Indulge"
      },
      "geometry": {
        "type": "Point",
        "coordinates": [
          74.3512606,
          31.5143892
        ]
      },
      "id": "node/1384171068"
    },
    {
      "type": "Feature",
      "properties": {
        "@id": "node/1507149368",
        "amenity": "restaurant"
      },
      "geometry": {
        "type": "Point",
        "coordinates": [
          74.365306,
          31.5316484
        ]
      },
      "id": "node/1507149368"
    },
    {
      "type": "Feature",
      "properties": {
        "@id": "node/1534027490",
        "amenity": "fast_food",
        "shwarma": "Labnese"
      },
      "geometry": {
        "type": "Point",
        "coordinates": [
          74.347735,
          31.5076336
        ]
      },
      "id": "node/1534027490"
    },
    {
      "type": "Feature",
      "properties": {
        "@id": "node/1557275970",
        "amenity": "fast_food",
        "brand": "مکڈونلڈز",
        "brand:ar": "مكدونالدز",
        "brand:de": "McDonald’s",
        "brand:en": "McDonald's",
        "brand:fa": "مکدونالدز",
        "brand:pnb": "میکڈونلڈز",
        "brand:ps": "مکډونالډز",
        "brand:ur": "مکڈونلڈز",
        "brand:wikidata": "Q38076",
        "brand:wikipedia": "ur:مکڈونلڈز",
        "brand:wikipedia:ar": "مكدونالدز",
        "brand:wikipedia:fa": "مکدونالدز",
        "brand:wikipedia:pnb": "میکڈونلڈز",
        "brand:wikipedia:ps": "مکډونالډز",
        "brand:wikipedia:ur": "مکڈونلڈز",
        "name": "مکڈونلڈز",
        "name:ar": "مكدونالدز",
        "name:de": "McDonald’s",
        "name:en": "McDonald's",
        "name:fa": "مکدونالدز",
        "name:pnb": "میکڈونلڈز",
        "name:ps": "مکډونالډز",
        "name:ur": "مکڈونلڈز"
      },
      "geometry": {
        "type": "Point",
        "coordinates": [
          74.2906808,
          31.5197322
        ]
      },
      "id": "node/1557275970"
    },
    {
      "type": "Feature",
      "properties": {
        "@id": "node/1558238060",
        "amenity": "restaurant",
        "name": "Bundu khan"
      },
      "geometry": {
        "type": "Point",
        "coordinates": [
          74.2907459,
          31.5209589
        ]
      },
      "id": "node/1558238060"
    },
    {
      "type": "Feature",
      "properties": {
        "@id": "node/1665866322",
        "amenity": "restaurant",
        "cuisine": "chinese"
      },
      "geometry": {
        "type": "Point",
        "coordinates": [
          74.3478278,
          31.5212969
        ]
      },
      "id": "node/1665866322"
    },
    {
      "type": "Feature",
      "properties": {
        "@id": "node/1715927555",
        "name": "Fresh Inn Bakers",
        "shop": "bakery"
      },
      "geometry": {
        "type": "Point",
        "coordinates": [
          74.3161207,
          31.4660662
        ]
      },
      "id": "node/1715927555"
    },
    {
      "type": "Feature",
      "properties": {
        "@id": "node/1758753110",
        "shop": "bakery"
      },
      "geometry": {
        "type": "Point",
        "coordinates": [
          74.3770087,
          31.4856826
        ]
      },
      "id": "node/1758753110"
    },
    {
      "type": "Feature",
      "properties": {
        "@id": "node/2296877476",
        "name": "Faran Bakery",
        "shop": "bakery"
      },
      "geometry": {
        "type": "Point",
        "coordinates": [
          74.3646806,
          31.4854263
        ]
      },
      "id": "node/2296877476"
    },
    {
      "type": "Feature",
      "properties": {
        "@id": "node/2328950086",
        "addr:street": "Ali Zeb Road",
        "name": "Gourmet Bakers",
        "shop": "bakery"
      },
      "geometry": {
        "type": "Point",
        "coordinates": [
          74.3661967,
          31.501354
        ]
      },
      "id": "node/2328950086"
    },
    {
      "type": "Feature",
      "properties": {
        "@id": "node/2405174573",
        "amenity": "restaurant",
        "brand": "پیزا ہٹ",
        "brand:ar": "بيتزا هت",
        "brand:en": "Pizza Hut",
        "brand:fa": "پیتزا هات",
        "brand:pnb": "پزا ہٹ",
        "brand:ur": "پیزا ہٹ",
        "brand:wikidata": "Q191615",
        "brand:wikipedia": "ur:پیزا ہٹ",
        "brand:wikipedia:ar": "بيتزا هت",
        "brand:wikipedia:fa": "پیتزا هات",
        "brand:wikipedia:pnb": "پزا ہٹ",
        "brand:wikipedia:ur": "پیزا ہٹ",
        "name": "پیزا ہٹ",
        "name:ar": "بيتزا هت",
        "name:en": "Pizza Hut",
        "name:fa": "پیتزا هات",
        "name:pnb": "پزا ہٹ",
        "name:ur": "پیزا ہٹ"
      },
      "geometry": {
        "type": "Point",
        "coordinates": [
          74.4233827,
          31.5020218
        ]
      },
      "id": "node/2405174573"
    },
    {
      "type": "Feature",
      "properties": {
        "@id": "node/2425150177",
        "addr:city": "لاہور",
        "addr:street": "مال روڈ",
        "amenity": "fast_food",
        "brand": "مکڈونلڈز",
        "brand:ar": "مكدونالدز",
        "brand:de": "McDonald’s",
        "brand:en": "McDonald's",
        "brand:fa": "مکدونالدز",
        "brand:pnb": "میکڈونلڈز",
        "brand:ps": "مکډونالډز",
        "brand:ur": "مکڈونلڈز",
        "brand:wikidata": "Q38076",
        "brand:wikipedia": "ur:مکڈونلڈز",
        "brand:wikipedia:ar": "مكدونالدز",
        "brand:wikipedia:fa": "مکدونالدز",
        "brand:wikipedia:pnb": "میکڈونلڈز",
        "brand:wikipedia:ps": "مکډونالډز",
        "brand:wikipedia:ur": "مکڈونلڈز",
        "cuisine": "burger",
        "name": "مکڈونلڈز",
        "name:ar": "مكدونالدز",
        "name:de": "McDonald’s",
        "name:en": "McDonald's",
        "name:fa": "مکدونالدز",
        "name:pnb": "میکڈونلڈز",
        "name:ps": "مکډونالډز",
        "name:ur": "مکڈونلڈز"
      },
      "geometry": {
        "type": "Point",
        "coordinates": [
          74.3641378,
          31.5320166
        ]
      },
      "id": "node/2425150177"
    },
    {
      "type": "Feature",
      "properties": {
        "@id": "node/2448131728",
        "addr:city": "Lahore",
        "addr:housename": "Shadman Market",
        "addr:street": "Shadman",
        "amenity": "restaurant",
        "cuisine": "asian",
        "name": "Baghdadi Restaurant"
      },
      "geometry": {
        "type": "Point",
        "coordinates": [
          74.3309128,
          31.539192
        ]
      },
      "id": "node/2448131728"
    },
    {
      "type": "Feature",
      "properties": {
        "@id": "node/2448139032",
        "addr:city": "Lahore",
        "addr:housename": "Shadman Market Park",
        "addr:street": "Shadman",
        "amenity": "restaurant",
        "cuisine": "asian",
        "name": "MeatEx"
      },
      "geometry": {
        "type": "Point",
        "coordinates": [
          74.3306392,
          31.5391468
        ]
      },
      "id": "node/2448139032"
    },
    {
      "type": "Feature",
      "properties": {
        "@id": "node/2874058680",
        "amenity": "cafe",
        "name": "Baba Ji Qulfi"
      },
      "geometry": {
        "type": "Point",
        "coordinates": [
          74.3253421,
          31.5212663
        ]
      },
      "id": "node/2874058680"
    },
    {
      "type": "Feature",
      "properties": {
        "@id": "node/2874058688",
        "amenity": "restaurant",
        "name": "Foods Gallery"
      },
      "geometry": {
        "type": "Point",
        "coordinates": [
          74.3240049,
          31.520773
        ]
      },
      "id": "node/2874058688"
    },
    {
      "type": "Feature",
      "properties": {
        "@id": "node/2874061011",
        "amenity": "restaurant",
        "name": "Dine Out"
      },
      "geometry": {
        "type": "Point",
        "coordinates": [
          74.3230175,
          31.5206707
        ]
      },
      "id": "node/2874061011"
    },
    {
      "type": "Feature",
      "properties": {
        "@id": "node/2874227813",
        "amenity": "restaurant",
        "name": "Fazel Haq"
      },
      "geometry": {
        "type": "Point",
        "coordinates": [
          74.3237246,
          31.5202557
        ]
      },
      "id": "node/2874227813"
    },
    {
      "type": "Feature",
      "properties": {
        "@id": "node/2953015786",
        "amenity": "restaurant",
        "cuisine": "regional",
        "name": "Gawal Mandi Food Street",
        "tourism": "attraction"
      },
      "geometry": {
        "type": "Point",
        "coordinates": [
          74.3188112,
          31.5721495
        ]
      },
      "id": "node/2953015786"
    },
    {
      "type": "Feature",
      "properties": {
        "@id": "node/2953146438",
        "amenity": "fast_food",
        "brand": "کینٹکی فرائیڈ چکن",
        "brand:ar": "دجاج كنتاكي",
        "brand:en": "KFC",
        "brand:fa": "کی‌اف‌سی",
        "brand:ur": "کینٹکی فرائیڈ چکن",
        "brand:wikipedia": "ur:کینٹکی فرائیڈ چکن",
        "brand:wikipedia:ar": "دجاج كنتاكي",
        "brand:wikipedia:fa": "کی‌اف‌سی",
        "brand:wikipedia:ur": "کینٹکی فرائیڈ چکن",
        "name": "کینٹکی فرائیڈ چکن",
        "name:ar": "دجاج كنتاكي",
        "name:en": "KFC",
        "name:fa": "کی‌اف‌سی",
        "name:ur": "کینٹکی فرائیڈ چکن"
      },
      "geometry": {
        "type": "Point",
        "coordinates": [
          74.3180407,
          31.5621214
        ]
      },
      "id": "node/2953146438"
    },
    {
      "type": "Feature",
      "properties": {
        "@id": "node/2953190103",
        "amenity": "ice_cream",
        "name": "Chaman Ice Cream",
        "shop": "yes"
      },
      "geometry": {
        "type": "Point",
        "coordinates": [
          74.3200174,
          31.5622749
        ]
      },
      "id": "node/2953190103"
    },
    {
      "type": "Feature",
      "properties": {
        "@id": "node/2953399005",
        "amenity": "fast_food",
        "brand": "سب وے",
        "brand:ar": "صبوي",
        "brand:ur": "سب وے",
        "brand:website": "https://www.subway.com",
        "brand:wikidata": "Q244457",
        "brand:wikipedia": "ar:صب واي",
        "name": "سب وے",
        "name:ar": "صبوي",
        "name:de": "Subway",
        "name:en": "Subway",
        "name:es": "Subway",
        "name:ur": "سب وے"
      },
      "geometry": {
        "type": "Point",
        "coordinates": [
          74.3458555,
          31.510759
        ]
      },
      "id": "node/2953399005"
    },
    {
      "type": "Feature",
      "properties": {
        "@id": "node/3208104768",
        "amenity": "restaurant",
        "name": "Banera, Rooftop Restaurant"
      },
      "geometry": {
        "type": "Point",
        "coordinates": [
          74.215028,
          31.4471718
        ]
      },
      "id": "node/3208104768"
    },
    {
      "type": "Feature",
      "properties": {
        "@id": "node/3228594800",
        "amenity": "restaurant",
        "name": "Bundu Khan"
      },
      "geometry": {
        "type": "Point",
        "coordinates": [
          74.3641697,
          31.5342674
        ]
      },
      "id": "node/3228594800"
    },
    {
      "type": "Feature",
      "properties": {
        "@id": "node/3228594852",
        "name": "Rahat Bakery",
        "shop": "bakery"
      },
      "geometry": {
        "type": "Point",
        "coordinates": [
          74.3768165,
          31.5295776
        ]
      },
      "id": "node/3228594852"
    },
    {
      "type": "Feature",
      "properties": {
        "@id": "node/3231839396",
        "amenity": "fast_food",
        "brand": "ہارڈیز",
        "brand:ar": "هارديز",
        "brand:ur": "ہارڈیز",
        "brand:wikidata": "Q1585088",
        "brand:wikipedia": "ur:ہارڈیز",
        "brand:wikipedia:ur": "ہارڈیز",
        "cuisine": "burger",
        "name": "ہارڈیز",
        "name:ar": "هارديز",
        "name:en": "Hardee's",
        "name:ur": "ہارڈیز"
      },
      "geometry": {
        "type": "Point",
        "coordinates": [
          74.2322824,
          31.4680076
        ]
      },
      "id": "node/3231839396"
    },
    {
      "type": "Feature",
      "properties": {
        "@id": "node/3231839397",
        "amenity": "fast_food",
        "brand": "کینٹکی فرائیڈ چکن",
        "brand:ar": "دجاج كنتاكي",
        "brand:en": "KFC",
        "brand:fa": "کی‌اف‌سی",
        "brand:ur": "کینٹکی فرائیڈ چکن",
        "brand:wikipedia": "ur:کینٹکی فرائیڈ چکن",
        "brand:wikipedia:ar": "دجاج كنتاكي",
        "brand:wikipedia:fa": "کی‌اف‌سی",
        "brand:wikipedia:ur": "کینٹکی فرائیڈ چکن",
        "cuisine": "chicken",
        "name": "کینٹکی فرائیڈ چکن",
        "name:ar": "دجاج كنتاكي",
        "name:en": "KFC",
        "name:fa": "کی‌اف‌سی",
        "name:ur": "کینٹکی فرائیڈ چکن"
      },
      "geometry": {
        "type": "Point",
        "coordinates": [
          74.2326794,
          31.4682638
        ]
      },
      "id": "node/3231839397"
    },
    {
      "type": "Feature",
      "properties": {
        "@id": "node/3237186335",
        "amenity": "restaurant",
        "name": "Fort View Hotel & Restaurant"
      },
      "geometry": {
        "type": "Point",
        "coordinates": [
          74.3119051,
          31.5873195
        ]
      },
      "id": "node/3237186335"
    },
    {
      "type": "Feature",
      "properties": {
        "@id": "node/3237190804",
        "amenity": "restaurant",
        "name": "کوکوز ڈین",
        "name:en": "Cooco's Den"
      },
      "geometry": {
        "type": "Point",
        "coordinates": [
          74.3115511,
          31.5870545
        ]
      },
      "id": "node/3237190804"
    },
    {
      "type": "Feature",
      "properties": {
        "@id": "node/3237632377",
        "addr:city": "Lahore",
        "addr:street": "St 11 Sec Y Ph 3",
        "amenity": "fast_food",
        "brand": "مکڈونلڈز",
        "brand:ar": "مكدونالدز",
        "brand:de": "McDonald’s",
        "brand:en": "McDonald's",
        "brand:fa": "مکدونالدز",
        "brand:pnb": "میکڈونلڈز",
        "brand:ps": "مکډونالډز",
        "brand:ur": "مکڈونلڈز",
        "brand:wikidata": "Q38076",
        "brand:wikipedia": "ur:مکڈونلڈز",
        "brand:wikipedia:ar": "مكدونالدز",
        "brand:wikipedia:fa": "مکدونالدز",
        "brand:wikipedia:pnb": "میکڈونلڈز",
        "brand:wikipedia:ps": "مکډونالډز",
        "brand:wikipedia:ur": "مکڈونلڈز",
        "cuisine": "burger",
        "delivery": "yes",
        "drive_through": "yes",
        "name": "مکڈونلڈز",
        "name:ar": "مكدونالدز",
        "name:de": "McDonald’s",
        "name:en": "McDonald's",
        "name:fa": "مکدونالدز",
        "name:pnb": "میکڈونلڈز",
        "name:ps": "مکډونالډز",
        "name:ur": "مکڈونلڈز",
        "takeaway": "yes"
      },
      "geometry": {
        "type": "Point",
        "coordinates": [
          74.3767769,
          31.4760144
        ]
      },
      "id": "node/3237632377"
    },
    {
      "type": "Feature",
      "properties": {
        "@id": "node/3250253661",
        "amenity": "restaurant",
        "name": "Ze' Grill"
      },
      "geometry": {
        "type": "Point",
        "coordinates": [
          74.2130844,
          31.4344097
        ]
      },
      "id": "node/3250253661"
    },
    {
      "type": "Feature",
      "properties": {
        "@id": "node/3279448768",
        "amenity": "fast_food",
        "brand": "مکڈونلڈز",
        "brand:ar": "مكدونالدز",
        "brand:de": "McDonald’s",
        "brand:en": "McDonald's",
        "brand:fa": "مکدونالدز",
        "brand:pnb": "میکڈونلڈز",
        "brand:ps": "مکډونالډز",
        "brand:ur": "مکڈونلڈز",
        "brand:wikidata": "Q38076",
        "brand:wikipedia": "ur:مکڈونلڈز",
        "brand:wikipedia:ar": "مكدونالدز",
        "brand:wikipedia:fa": "مکدونالدز",
        "brand:wikipedia:pnb": "میکڈونلڈز",
        "brand:wikipedia:ps": "مکډونالډز",
        "brand:wikipedia:ur": "مکڈونلڈز",
        "cuisine": "burger",
        "name": "مکڈونلڈز",
        "name:ar": "مكدونالدز",
        "name:de": "McDonald’s",
        "name:en": "McDonald's",
        "name:fa": "مکدونالدز",
        "name:pnb": "میکڈونلڈز",
        "name:ps": "مکډونالډز",
        "name:ur": "مکڈونلڈز"
      },
      "geometry": {
        "type": "Point",
        "coordinates": [
          74.2518573,
          31.4669652
        ]
      },
      "id": "node/3279448768"
    },
    {
      "type": "Feature",
      "properties": {
        "@id": "node/3339577555",
        "amenity": "restaurant",
        "cuisine": "international",
        "name": "Siddique Kebab"
      },
      "geometry": {
        "type": "Point",
        "coordinates": [
          74.3192567,
          31.4896427
        ]
      },
      "id": "node/3339577555"
    },
    {
      "type": "Feature",
      "properties": {
        "@id": "node/3343635641",
        "addr:city": "Lahore",
        "name": "Al-Awan Bakers",
        "shop": "bakery"
      },
      "geometry": {
        "type": "Point",
        "coordinates": [
          74.265375,
          31.4993781
        ]
      },
      "id": "node/3343635641"
    },
    {
      "type": "Feature",
      "properties": {
        "@id": "node/3408103647",
        "addr:street": "Fasil Town",
        "amenity": "fast_food",
        "cuisine": "pizza",
        "delivery": "yes",
        "name": "Manhattan Bites",
        "takeaway": "yes"
      },
      "geometry": {
        "type": "Point",
        "coordinates": [
          74.3072439,
          31.4686471
        ]
      },
      "id": "node/3408103647"
    },
    {
      "type": "Feature",
      "properties": {
        "@id": "node/3419206291",
        "addr:city": "Lahore",
        "addr:street": "Moon Market, Faisal Town",
        "amenity": "restaurant",
        "cuisine": "regional",
        "name": "Zakir Tikka"
      },
      "geometry": {
        "type": "Point",
        "coordinates": [
          74.3053249,
          31.4750243
        ]
      },
      "id": "node/3419206291"
    },
    {
      "type": "Feature",
      "properties": {
        "@id": "node/3419213197",
        "addr:city": "Lahore",
        "addr:street": "Moon Market, Faisal Town",
        "amenity": "restaurant",
        "cuisine": "regional",
        "name": "Krados"
      },
      "geometry": {
        "type": "Point",
        "coordinates": [
          74.3062734,
          31.4757636
        ]
      },
      "id": "node/3419213197"
    },
    {
      "type": "Feature",
      "properties": {
        "@id": "node/3436278358",
        "amenity": "cafe"
      },
      "geometry": {
        "type": "Point",
        "coordinates": [
          74.339805,
          31.5873751
        ]
      },
      "id": "node/3436278358"
    },
    {
      "type": "Feature",
      "properties": {
        "@id": "node/3509020930",
        "amenity": "restaurant",
        "name": "chen one resturant"
      },
      "geometry": {
        "type": "Point",
        "coordinates": [
          74.3423889,
          31.5165498
        ]
      },
      "id": "node/3509020930"
    },
    {
      "type": "Feature",
      "properties": {
        "@id": "node/3536164079",
        "name": "Nirala Sweets",
        "shop": "bakery"
      },
      "geometry": {
        "type": "Point",
        "coordinates": [
          74.2910578,
          31.5208501
        ]
      },
      "id": "node/3536164079"
    },
    {
      "type": "Feature",
      "properties": {
        "@id": "node/3536164080",
        "amenity": "restaurant",
        "cuisine": "regional",
        "name": "Al-Rehmat"
      },
      "geometry": {
        "type": "Point",
        "coordinates": [
          74.2920983,
          31.5211246
        ]
      },
      "id": "node/3536164080"
    },
    {
      "type": "Feature",
      "properties": {
        "@id": "node/3544929829",
        "amenity": "cafe",
        "internet_access": "no",
        "name": "Hafiz Juice Corner",
        "opening_hours": "12:00-03:00",
        "smoking": "separated"
      },
      "geometry": {
        "type": "Point",
        "coordinates": [
          74.3100152,
          31.5678728
        ]
      },
      "id": "node/3544929829"
    },
    {
      "type": "Feature",
      "properties": {
        "@id": "node/3571476393",
        "amenity": "restaurant",
        "name": "Vouge Towers"
      },
      "geometry": {
        "type": "Point",
        "coordinates": [
          74.3498654,
          31.5087517
        ]
      },
      "id": "node/3571476393"
    },
    {
      "type": "Feature",
      "properties": {
        "@id": "node/3571497921",
        "name": "Gourmet Bakers",
        "shop": "bakery"
      },
      "geometry": {
        "type": "Point",
        "coordinates": [
          74.3186865,
          31.4713529
        ]
      },
      "id": "node/3571497921"
    },
    {
      "type": "Feature",
      "properties": {
        "@id": "node/4100396899",
        "addr:street": "Ali Zeb Road",
        "amenity": "fast_food",
        "name": "KFC "
      },
      "geometry": {
        "type": "Point",
        "coordinates": [
          74.366024,
          31.5014314
        ]
      },
      "id": "node/4100396899"
    },
    {
      "type": "Feature",
      "properties": {
        "@id": "node/4151703090",
        "amenity": "restaurant",
        "name": "Marriage Hut"
      },
      "geometry": {
        "type": "Point",
        "coordinates": [
          74.2848505,
          31.4256223
        ]
      },
      "id": "node/4151703090"
    },
    {
      "type": "Feature",
      "properties": {
        "@id": "node/4156460090",
        "amenity": "restaurant",
        "cuisine": "pizza",
        "name": "Kings N Queens"
      },
      "geometry": {
        "type": "Point",
        "coordinates": [
          74.3954933,
          31.4837758
        ]
      },
      "id": "node/4156460090"
    },
    {
      "type": "Feature",
      "properties": {
        "@id": "node/4170048089",
        "amenity": "cafe",
        "name": "PG Cafe"
      },
      "geometry": {
        "type": "Point",
        "coordinates": [
          74.3072304,
          31.5753588
        ]
      },
      "id": "node/4170048089"
    },
    {
      "type": "Feature",
      "properties": {
        "@id": "node/4170120990",
        "addr:street": "Souikarno Bazar",
        "internet_access": "wlan",
        "name": "Neamat Khana",
        "opening_hours": "Mo-Su 08:00-00:00",
        "shop": "bakery"
      },
      "geometry": {
        "type": "Point",
        "coordinates": [
          74.3808741,
          31.5651983
        ]
      },
      "id": "node/4170120990"
    },
    {
      "type": "Feature",
      "properties": {
        "@id": "node/4172019703",
        "amenity": "restaurant",
        "name": "Bhaiya Kebab"
      },
      "geometry": {
        "type": "Point",
        "coordinates": [
          74.3191135,
          31.4904264
        ]
      },
      "id": "node/4172019703"
    },
    {
      "type": "Feature",
      "properties": {
        "@id": "node/4174101489",
        "name": "Docé Bakery",
        "shop": "bakery"
      },
      "geometry": {
        "type": "Point",
        "coordinates": [
          74.2816573,
          31.5146031
        ]
      },
      "id": "node/4174101489"
    },
    {
      "type": "Feature",
      "properties": {
        "@id": "node/4238854505",
        "addr:street": "Sultan Ahmed Rd",
        "name": "Gourmet",
        "shop": "bakery"
      },
      "geometry": {
        "type": "Point",
        "coordinates": [
          74.3190398,
          31.5254896
        ]
      },
      "id": "node/4238854505"
    },
    {
      "type": "Feature",
      "properties": {
        "@id": "node/4238854714",
        "addr:street": "Ferozepur Road",
        "amenity": "restaurant",
        "name": "جاوا ریسٹورانٹ",
        "name:en": "Jawa Restaurant"
      },
      "geometry": {
        "type": "Point",
        "coordinates": [
          74.3235983,
          31.5239698
        ]
      },
      "id": "node/4238854714"
    },
    {
      "type": "Feature",
      "properties": {
        "@id": "node/4238854913",
        "addr:street": "Rehmanpura",
        "amenity": "restaurant",
        "name": "بھٹی تکہ شاپ"
      },
      "geometry": {
        "type": "Point",
        "coordinates": [
          74.3184866,
          31.5243762
        ]
      },
      "id": "node/4238854913"
    },
    {
      "type": "Feature",
      "properties": {
        "@id": "node/4238855496",
        "addr:street": "Wahdat Road",
        "amenity": "restaurant",
        "name": "Lahore Brost"
      },
      "geometry": {
        "type": "Point",
        "coordinates": [
          74.3175165,
          31.5178524
        ]
      },
      "id": "node/4238855496"
    },
    {
      "type": "Feature",
      "properties": {
        "@id": "node/4238855992",
        "addr:street": "Sultan Ahmed Rd",
        "name": "Gourmet",
        "shop": "bakery"
      },
      "geometry": {
        "type": "Point",
        "coordinates": [
          74.3190099,
          31.5254677
        ]
      },
      "id": "node/4238855992"
    },
    {
      "type": "Feature",
      "properties": {
        "@id": "node/4238927723",
        "addr:street": "Karma Abad",
        "name": "Goodluck Baker",
        "shop": "bakery"
      },
      "geometry": {
        "type": "Point",
        "coordinates": [
          74.3191771,
          31.5184947
        ]
      },
      "id": "node/4238927723"
    },
    {
      "type": "Feature",
      "properties": {
        "@id": "node/4242300891",
        "addr:street": "Ferozepur Road",
        "amenity": "restaurant",
        "name": "IN Canal Resturant"
      },
      "geometry": {
        "type": "Point",
        "coordinates": [
          74.3266936,
          31.5190478
        ]
      },
      "id": "node/4242300891"
    },
    {
      "type": "Feature",
      "properties": {
        "@id": "node/4246311597",
        "addr:housenumber": "4 M Block",
        "addr:street": "Model Town Extension",
        "amenity": "fast_food",
        "name": "Dher Aala"
      },
      "geometry": {
        "type": "Point",
        "coordinates": [
          74.3076028,
          31.4856822
        ]
      },
      "id": "node/4246311597"
    },
    {
      "type": "Feature",
      "properties": {
        "@id": "node/4246311795",
        "addr:housenumber": "5 M Block",
        "addr:street": "Model Town Extension",
        "amenity": "restaurant",
        "name": "Maroo tandoor"
      },
      "geometry": {
        "type": "Point",
        "coordinates": [
          74.3077095,
          31.4854405
        ]
      },
      "id": "node/4246311795"
    },
    {
      "type": "Feature",
      "properties": {
        "@id": "node/4246318791",
        "addr:housenumber": "60 L Block",
        "addr:street": "Model Town Extension",
        "amenity": "restaurant",
        "name": "Grill and bake Restaurant"
      },
      "geometry": {
        "type": "Point",
        "coordinates": [
          74.3081519,
          31.4883857
        ]
      },
      "id": "node/4246318791"
    },
    {
      "type": "Feature",
      "properties": {
        "@id": "node/4255253389",
        "addr:street": "Sultan Ahmed Rd",
        "name": "Doce Bakers",
        "shop": "bakery"
      },
      "geometry": {
        "type": "Point",
        "coordinates": [
          74.3148697,
          31.5199665
        ]
      },
      "id": "node/4255253389"
    },
    {
      "type": "Feature",
      "properties": {
        "@id": "node/4255253589",
        "addr:street": "Rehmanpura",
        "amenity": "restaurant",
        "name": "Jawa Family Restaurant"
      },
      "geometry": {
        "type": "Point",
        "coordinates": [
          74.3234883,
          31.5239966
        ]
      },
      "id": "node/4255253589"
    },
    {
      "type": "Feature",
      "properties": {
        "@id": "node/4262432696",
        "addr:city": "Lahore",
        "addr:street": "Lakar Mandi Bazaar",
        "highway": "pedestrian",
        "name": "Khalifa Bakers",
        "shop": "bakery"
      },
      "geometry": {
        "type": "Point",
        "coordinates": [
          74.322916,
          31.5814461
        ]
      },
      "id": "node/4262432696"
    },
    {
      "type": "Feature",
      "properties": {
        "@id": "node/4265636090",
        "addr:city": "Lahore",
        "addr:street": "Out Fall Rd",
        "name": "Cakes and bakes",
        "shop": "bakery"
      },
      "geometry": {
        "type": "Point",
        "coordinates": [
          74.2930253,
          31.5739556
        ]
      },
      "id": "node/4265636090"
    },
    {
      "type": "Feature",
      "properties": {
        "@id": "node/4269997991",
        "name": "Gourmet bakers",
        "shop": "bakery"
      },
      "geometry": {
        "type": "Point",
        "coordinates": [
          74.3051096,
          31.5594066
        ]
      },
      "id": "node/4269997991"
    },
    {
      "type": "Feature",
      "properties": {
        "@id": "node/4269998193",
        "name": "Cakes and bakes",
        "shop": "bakery"
      },
      "geometry": {
        "type": "Point",
        "coordinates": [
          74.3059902,
          31.5564019
        ]
      },
      "id": "node/4269998193"
    },
    {
      "type": "Feature",
      "properties": {
        "@id": "node/4270017789",
        "name": "Shezan Bakers Garhi Shahu",
        "shop": "bakery"
      },
      "geometry": {
        "type": "Point",
        "coordinates": [
          74.3446696,
          31.5645042
        ]
      },
      "id": "node/4270017789"
    },
    {
      "type": "Feature",
      "properties": {
        "@id": "node/4272960896",
        "amenity": "restaurant",
        "name": "Eataly Ristorante"
      },
      "geometry": {
        "type": "Point",
        "coordinates": [
          74.3460254,
          31.5191763
        ]
      },
      "id": "node/4272960896"
    },
    {
      "type": "Feature",
      "properties": {
        "@id": "node/4295700908",
        "addr:street": "Wahdat Road",
        "name": "Butt Sweets",
        "shop": "bakery"
      },
      "geometry": {
        "type": "Point",
        "coordinates": [
          74.3231305,
          31.5201819
        ]
      },
      "id": "node/4295700908"
    },
    {
      "type": "Feature",
      "properties": {
        "@id": "node/4301202021",
        "name": "gourmet ",
        "shop": "bakery"
      },
      "geometry": {
        "type": "Point",
        "coordinates": [
          74.320722,
          31.5289376
        ]
      },
      "id": "node/4301202021"
    },
    {
      "type": "Feature",
      "properties": {
        "@id": "node/4303407589",
        "amenity": "restaurant",
        "internet_access": "wlan",
        "name": "Aroma Grill"
      },
      "geometry": {
        "type": "Point",
        "coordinates": [
          74.4535785,
          31.5261593
        ]
      },
      "id": "node/4303407589"
    },
    {
      "type": "Feature",
      "properties": {
        "@id": "node/4305464790",
        "amenity": "restaurant",
        "name": "BFC"
      },
      "geometry": {
        "type": "Point",
        "coordinates": [
          74.2899783,
          31.5224376
        ]
      },
      "id": "node/4305464790"
    },
    {
      "type": "Feature",
      "properties": {
        "@id": "node/4305469291",
        "amenity": "restaurant",
        "name": "Lahore Broast"
      },
      "geometry": {
        "type": "Point",
        "coordinates": [
          74.2890749,
          31.5231523
        ]
      },
      "id": "node/4305469291"
    },
    {
      "type": "Feature",
      "properties": {
        "@id": "node/4316586191",
        "addr:street": "Sultan Ahmed Rd",
        "amenity": "bar",
        "name": "Azan Tikka"
      },
      "geometry": {
        "type": "Point",
        "coordinates": [
          74.3191147,
          31.5253917
        ]
      },
      "id": "node/4316586191"
    },
    {
      "type": "Feature",
      "properties": {
        "@id": "node/4340777291",
        "amenity": "cafe",
        "name": "Inter Cafe",
        "opening_hours": "Mo-Fr 08:00-20:00"
      },
      "geometry": {
        "type": "Point",
        "coordinates": [
          74.3086478,
          31.5720725
        ]
      },
      "id": "node/4340777291"
    },
    {
      "type": "Feature",
      "properties": {
        "@id": "node/4346636801",
        "addr:city": "Lahore",
        "addr:housenumber": "852-B",
        "addr:street": "Faisal Town",
        "amenity": "fast_food",
        "cuisine": "regional",
        "internet_access": "no",
        "name": "Kuku's Grill and Family Restaurant",
        "opening_hours": "11:00-00:30",
        "smoking": "no"
      },
      "geometry": {
        "type": "Point",
        "coordinates": [
          74.3021554,
          31.4816928
        ]
      },
      "id": "node/4346636801"
    },
    {
      "type": "Feature",
      "properties": {
        "@id": "node/4346636802",
        "addr:city": "Lahore",
        "addr:housenumber": "852-B",
        "addr:street": "Faisal Town",
        "amenity": "fast_food",
        "cuisine": "fast_food",
        "internet_access": "yes",
        "name": "Chicken & Bun",
        "opening_hours": "11:00-00:30",
        "smoking": "no"
      },
      "geometry": {
        "type": "Point",
        "coordinates": [
          74.3019028,
          31.4815351
        ]
      },
      "id": "node/4346636802"
    },
    {
      "type": "Feature",
      "properties": {
        "@id": "node/4349054227",
        "amenity": "fast_food",
        "cuisine": "burger",
        "drive_through": "no",
        "name": "Wright Burger",
        "takeaway": "yes",
        "website": "https://www.facebook.com/WrightBurgers/"
      },
      "geometry": {
        "type": "Point",
        "coordinates": [
          74.389472,
          31.4646136
        ]
      },
      "id": "node/4349054227"
    },
    {
      "type": "Feature",
      "properties": {
        "@id": "node/4349057305",
        "amenity": "fast_food",
        "cuisine": "pizza",
        "delivery": "yes",
        "drive_through": "no",
        "name": "Sarpinos",
        "takeaway": "yes",
        "website": "http://www.sarpinos.pk/"
      },
      "geometry": {
        "type": "Point",
        "coordinates": [
          74.3896884,
          31.4637739
        ]
      },
      "id": "node/4349057305"
    },
    {
      "type": "Feature",
      "properties": {
        "@id": "node/4357866600",
        "addr:street": "Shalimar Link Rd",
        "amenity": "fast_food",
        "name": "Lassani Foods",
        "name:en": "Lassani Foods",
        "opening_hours": "Mo-Su 11:00-04:00",
        "phone": "03224633000"
      },
      "geometry": {
        "type": "Point",
        "coordinates": [
          74.3804239,
          31.5633819
        ]
      },
      "id": "node/4357866600"
    },
    {
      "type": "Feature",
      "properties": {
        "@id": "node/4360304393",
        "addr:street": "Mughalpura Road",
        "amenity": "fast_food",
        "name": "Lasani Shawarma & Burger",
        "name:en": "lassani shawerma and burger"
      },
      "geometry": {
        "type": "Point",
        "coordinates": [
          74.3802762,
          31.5625959
        ]
      },
      "id": "node/4360304393"
    },
    {
      "type": "Feature",
      "properties": {
        "@id": "node/4365511193",
        "amenity": "restaurant",
        "cuisine": "asian;burger;coffee_shop;chicken;curry;ice_cream;indian;italian_pizza;kebab;pizza",
        "name": "Hotpot Family Resturant",
        "name:en": "Hotpot Family Resturant"
      },
      "geometry": {
        "type": "Point",
        "coordinates": [
          74.3142544,
          31.4803463
        ]
      },
      "id": "node/4365511193"
    },
    {
      "type": "Feature",
      "properties": {
        "@id": "node/4380347190",
        "addr:street": "Fateh Garh Road",
        "amenity": "restaurant",
        "cuisine": "chicken;burger;diner;grill;ice_cream;russian;chinese;fish;fish_and_chips;tea",
        "diet:vegetarian": "yes",
        "name": "Yasir Broast Fateh Garh Road Br",
        "name:en": "Yasir Broast (Fateh Garh Road Br)",
        "phone": "+92 321 1111753"
      },
      "geometry": {
        "type": "Point",
        "coordinates": [
          74.4048504,
          31.566808
        ]
      },
      "id": "node/4380347190"
    },
    {
      "type": "Feature",
      "properties": {
        "@id": "node/4387273192",
        "amenity": "fast_food",
        "name": "BFC",
        "name:en": "BFC"
      },
      "geometry": {
        "type": "Point",
        "coordinates": [
          74.3080428,
          31.4580558
        ]
      },
      "id": "node/4387273192"
    },
    {
      "type": "Feature",
      "properties": {
        "@id": "node/4393011590",
        "name": "Shezan bakery",
        "name:en": "Shezan bakery",
        "shop": "bakery"
      },
      "geometry": {
        "type": "Point",
        "coordinates": [
          74.3645604,
          31.524484
        ]
      },
      "id": "node/4393011590"
    },
    {
      "type": "Feature",
      "properties": {
        "@id": "node/4397171890",
        "amenity": "restaurant",
        "name": "Topsy Burger",
        "name:en": "Topsy Burger"
      },
      "geometry": {
        "type": "Point",
        "coordinates": [
          74.3016005,
          31.5418285
        ]
      },
      "id": "node/4397171890"
    },
    {
      "type": "Feature",
      "properties": {
        "@id": "node/4400612990",
        "addr:housenumber": "99",
        "addr:street": "MM Alam Road",
        "amenity": "cafe",
        "cuisine": "breakfast;tea;kebab;turkish;barbecue",
        "email": "nctyyildirim@gmail.com",
        "internet_access": "wlan",
        "name": "Turkish Restaurant & Cafe",
        "name:en": "Turkish Restaurant & Cafe",
        "name:tr": "Turkish Restaurant & Cafe",
        "opening_hours": "Mo-Su 10:00-00:00",
        "operator": "Necati Yıldırım and Other Partner",
        "phone": "357855773"
      },
      "geometry": {
        "type": "Point",
        "coordinates": [
          74.3507033,
          31.510317
        ]
      },
      "id": "node/4400612990"
    },
    {
      "type": "Feature",
      "properties": {
        "@id": "node/4406321096",
        "addr:street": "Zahoor Din Rd",
        "name": "Rizwan Bakery",
        "name:en": "Rizwan Bakery",
        "shop": "bakery"
      },
      "geometry": {
        "type": "Point",
        "coordinates": [
          74.2840944,
          31.5597314
        ]
      },
      "id": "node/4406321096"
    },
    {
      "type": "Feature",
      "properties": {
        "@id": "node/4413474089",
        "amenity": "bar",
        "name:en": "Mami Nuzhat HOME"
      },
      "geometry": {
        "type": "Point",
        "coordinates": [
          74.3135601,
          31.453511
        ]
      },
      "id": "node/4413474089"
    },
    {
      "type": "Feature",
      "properties": {
        "@id": "node/4416291792",
        "amenity": "fast_food",
        "name": "chili food point",
        "name:en": "chili food point"
      },
      "geometry": {
        "type": "Point",
        "coordinates": [
          74.2821244,
          31.619892
        ]
      },
      "id": "node/4416291792"
    },
    {
      "type": "Feature",
      "properties": {
        "@id": "node/4416293590",
        "name": "Meher bakery",
        "name:en": "Meher bakery",
        "shop": "bakery"
      },
      "geometry": {
        "type": "Point",
        "coordinates": [
          74.2829817,
          31.6178333
        ]
      },
      "id": "node/4416293590"
    },
    {
      "type": "Feature",
      "properties": {
        "@id": "node/4427363546",
        "amenity": "restaurant",
        "brand": "پیزا ہٹ",
        "brand:ar": "بيتزا هت",
        "brand:en": "Pizza Hut",
        "brand:fa": "پیتزا هات",
        "brand:pnb": "پزا ہٹ",
        "brand:ur": "پیزا ہٹ",
        "brand:wikidata": "Q191615",
        "brand:wikipedia": "ur:پیزا ہٹ",
        "brand:wikipedia:ar": "بيتزا هت",
        "brand:wikipedia:fa": "پیتزا هات",
        "brand:wikipedia:pnb": "پزا ہٹ",
        "brand:wikipedia:ur": "پیزا ہٹ",
        "cuisine": "pizza",
        "name": "پیزا ہٹ",
        "name:ar": "بيتزا هت",
        "name:en": "Pizza Hut",
        "name:fa": "پیتزا هات",
        "name:pnb": "پزا ہٹ",
        "name:ur": "پیزا ہٹ"
      },
      "geometry": {
        "type": "Point",
        "coordinates": [
          74.1913296,
          31.3887451
        ]
      },
      "id": "node/4427363546"
    },
    {
      "type": "Feature",
      "properties": {
        "@id": "node/4427363553",
        "name": "Gourmet Bakers and Sweets",
        "operator": "gormet",
        "payment:cash": "yes",
        "payment:credit_cards": "yes",
        "payment:debit_cards": "yes",
        "shop": "bakery",
        "survey:date": "2024-03-22"
      },
      "geometry": {
        "type": "Point",
        "coordinates": [
          74.1853355,
          31.3774288
        ]
      },
      "id": "node/4427363553"
    },
    {
      "type": "Feature",
      "properties": {
        "@id": "node/4427363563",
        "amenity": "restaurant",
        "name": "Kozi Haleem and Kashmiri Tea"
      },
      "geometry": {
        "type": "Point",
        "coordinates": [
          74.1843077,
          31.3747667
        ]
      },
      "id": "node/4427363563"
    },
    {
      "type": "Feature",
      "properties": {
        "@id": "node/4427363567",
        "amenity": "restaurant",
        "name": "Zest Tandoor"
      },
      "geometry": {
        "type": "Point",
        "coordinates": [
          74.1879019,
          31.3746861
        ]
      },
      "id": "node/4427363567"
    },
    {
      "type": "Feature",
      "properties": {
        "@id": "node/4427363570",
        "amenity": "restaurant",
        "name": "Hooka Pani"
      },
      "geometry": {
        "type": "Point",
        "coordinates": [
          74.1900027,
          31.38627
        ]
      },
      "id": "node/4427363570"
    },
    {
      "type": "Feature",
      "properties": {
        "@id": "node/4427363572",
        "amenity": "restaurant",
        "name": "One Potato Two Potato"
      },
      "geometry": {
        "type": "Point",
        "coordinates": [
          74.1910481,
          31.3890464
        ]
      },
      "id": "node/4427363572"
    },
    {
      "type": "Feature",
      "properties": {
        "@id": "node/4427527440",
        "amenity": "fast_food",
        "name": "Timmy's"
      },
      "geometry": {
        "type": "Point",
        "coordinates": [
          74.1687192,
          31.3833477
        ]
      },
      "id": "node/4427527440"
    },
    {
      "type": "Feature",
      "properties": {
        "@id": "node/4427527447",
        "amenity": "restaurant",
        "name": "Zaiqa Dera Restaurant"
      },
      "geometry": {
        "type": "Point",
        "coordinates": [
          74.1875858,
          31.3732033
        ]
      },
      "id": "node/4427527447"
    },
    {
      "type": "Feature",
      "properties": {
        "@id": "node/4427527448",
        "amenity": "restaurant",
        "name": "Hungry Heads"
      },
      "geometry": {
        "type": "Point",
        "coordinates": [
          74.1877789,
          31.372759
        ]
      },
      "id": "node/4427527448"
    },
    {
      "type": "Feature",
      "properties": {
        "@id": "node/4427527449",
        "amenity": "restaurant",
        "name": "Zakir Tikka"
      },
      "geometry": {
        "type": "Point",
        "coordinates": [
          74.1675055,
          31.3819601
        ]
      },
      "id": "node/4427527449"
    },
    {
      "type": "Feature",
      "properties": {
        "@id": "node/4427527450",
        "amenity": "restaurant",
        "name": "Haji Nihari"
      },
      "geometry": {
        "type": "Point",
        "coordinates": [
          74.1675162,
          31.3818524
        ]
      },
      "id": "node/4427527450"
    },
    {
      "type": "Feature",
      "properties": {
        "@id": "node/4427527452",
        "amenity": "fast_food",
        "cuisine": "Domino's"
      },
      "geometry": {
        "type": "Point",
        "coordinates": [
          74.1690652,
          31.3903291
        ]
      },
      "id": "node/4427527452"
    },
    {
      "type": "Feature",
      "properties": {
        "@id": "node/4428167342",
        "amenity": "restaurant",
        "cuisine": "indian",
        "name": "Grill"
      },
      "geometry": {
        "type": "Point",
        "coordinates": [
          74.4086932,
          31.4737351
        ]
      },
      "id": "node/4428167342"
    },
    {
      "type": "Feature",
      "properties": {
        "@id": "node/4429162421",
        "alt_name": "Kentucky Fried Chicken",
        "alt_name:en": "Kentucky Fried Chicken",
        "alt_name:hi": "केंटुकी फ्राइड चिकन",
        "alt_name:pa": "ਕੈਂਟੁਕੀ ਫ੍ਰਾਈਡ ਚਿਕਨ",
        "alt_name:pnb": "کینٹکی فرائیڈ چکن",
        "alt_name:ur": "کینٹکی فرائیڈ چکن",
        "amenity": "fast_food",
        "brand": "KFC",
        "brand:ar": "دجاج كنتاكي",
        "brand:en": "KFC",
        "brand:fa": "کی‌اف‌سی",
        "brand:hi": "केएफसी",
        "brand:pa": "ਕੇਐਫਸੀ",
        "brand:pnb": "کے ایف سی",
        "brand:ur": "کے ایف سی",
        "brand:wikidata": "Q524757",
        "brand:wikipedia": "ur:کینٹکی فرائیڈ چکن",
        "brand:wikipedia:ar": "دجاج كنتاكي",
        "brand:wikipedia:fa": "کی‌اف‌سی",
        "brand:wikipedia:ur": "کینٹکی فرائیڈ چکن",
        "cuisine": "chicken",
        "name": "KFC",
        "name:ar": "دجاج كنتاكي",
        "name:en": "KFC",
        "name:fa": "کی‌اف‌سی",
        "name:hi": "केएफसी",
        "name:pa": "ਕੇਐਫਸੀ",
        "name:pnb": "کے ایف سی",
        "name:ur": "کے ایف سی",
        "takeaway": "yes"
      },
      "geometry": {
        "type": "Point",
        "coordinates": [
          74.1910991,
          31.3890467
        ]
      },
      "id": "node/4429162421"
    },
    {
      "type": "Feature",
      "properties": {
        "@id": "node/4429162422",
        "amenity": "restaurant",
        "name": "Red Chilli"
      },
      "geometry": {
        "type": "Point",
        "coordinates": [
          74.1911718,
          31.3890461
        ]
      },
      "id": "node/4429162422"
    },
    {
      "type": "Feature",
      "properties": {
        "@id": "node/4429162424",
        "amenity": "restaurant",
        "name": "Cakes and Bakes"
      },
      "geometry": {
        "type": "Point",
        "coordinates": [
          74.1866881,
          31.3712694
        ]
      },
      "id": "node/4429162424"
    },
    {
      "type": "Feature",
      "properties": {
        "@id": "node/4446047590",
        "name": "Chacha Bassa Sweets",
        "shop": "bakery"
      },
      "geometry": {
        "type": "Point",
        "coordinates": [
          74.318353,
          31.531346
        ]
      },
      "id": "node/4446047590"
    },
    {
      "type": "Feature",
      "properties": {
        "@id": "node/4447443290",
        "addr:street": "Malik Munir Rd",
        "amenity": "fast_food",
        "name": "Heera dahi bhallay"
      },
      "geometry": {
        "type": "Point",
        "coordinates": [
          74.2810635,
          31.5579221
        ]
      },
      "id": "node/4447443290"
    },
    {
      "type": "Feature",
      "properties": {
        "@id": "node/4450251948",
        "name": "Gourmet Bakery",
        "shop": "bakery"
      },
      "geometry": {
        "type": "Point",
        "coordinates": [
          74.3175829,
          31.5397658
        ]
      },
      "id": "node/4450251948"
    },
    {
      "type": "Feature",
      "properties": {
        "@id": "node/4450259554",
        "amenity": "fast_food",
        "name": "Majarica"
      },
      "geometry": {
        "type": "Point",
        "coordinates": [
          74.324019,
          31.5187609
        ]
      },
      "id": "node/4450259554"
    },
    {
      "type": "Feature",
      "properties": {
        "@id": "node/4469612792",
        "addr:street": "Model Town",
        "amenity": "restaurant",
        "name": "Muqadas & Biryani House",
        "opening_hours": "24/7"
      },
      "geometry": {
        "type": "Point",
        "coordinates": [
          74.310378,
          31.4770656
        ]
      },
      "id": "node/4469612792"
    },
    {
      "type": "Feature",
      "properties": {
        "@id": "node/4470083414",
        "addr:street": "Liberty Roundabout",
        "amenity": "restaurant",
        "internet_access": "wlan",
        "name": "Monal restaurant Lahore",
        "name:en": "Monal restaurant"
      },
      "geometry": {
        "type": "Point",
        "coordinates": [
          74.3410388,
          31.5097528
        ]
      },
      "id": "node/4470083414"
    },
    {
      "type": "Feature",
      "properties": {
        "@id": "node/4470129901",
        "amenity": "cafe",
        "cuisine": "burger;local;tea;coffee_shop;breakfast;pizza",
        "name": "Fc university cafe",
        "name:en": "Fc university cafe",
        "opening_hours": "Mo-Su 07:00-21:00"
      },
      "geometry": {
        "type": "Point",
        "coordinates": [
          74.3347358,
          31.5196324
        ]
      },
      "id": "node/4470129901"
    },
    {
      "type": "Feature",
      "properties": {
        "@id": "node/4481666592",
        "addr:street": "Mughalpura",
        "name": "Mujahidabad Colony St 57",
        "name:en": "Mujahidabad Colony St 57",
        "shop": "bakery"
      },
      "geometry": {
        "type": "Point",
        "coordinates": [
          74.387503,
          31.5670322
        ]
      },
      "id": "node/4481666592"
    },
    {
      "type": "Feature",
      "properties": {
        "@id": "node/4481666593",
        "addr:street": "Allama Iqbal Road",
        "amenity": "fast_food",
        "name": "Atta Makhan Singh",
        "name:en": "Atta Makhan Singh"
      },
      "geometry": {
        "type": "Point",
        "coordinates": [
          74.3624012,
          31.5537702
        ]
      },
      "id": "node/4481666593"
    },
    {
      "type": "Feature",
      "properties": {
        "@id": "node/4531110090",
        "amenity": "fast_food"
      },
      "geometry": {
        "type": "Point",
        "coordinates": [
          74.2852165,
          31.5156254
        ]
      },
      "id": "node/4531110090"
    },
    {
      "type": "Feature",
      "properties": {
        "@id": "node/4540612489",
        "amenity": "restaurant",
        "name": "Zafran restaurant",
        "name:en": "Zafran restaurant"
      },
      "geometry": {
        "type": "Point",
        "coordinates": [
          74.374322,
          31.4718867
        ]
      },
      "id": "node/4540612489"
    },
    {
      "type": "Feature",
      "properties": {
        "@id": "node/4558031291",
        "addr:street": "Hali Road",
        "amenity": "restaurant",
        "name": "LA ATRIUM",
        "opening_hours": "Mo-Su 12:00-00:00",
        "phone": "+924235757262"
      },
      "geometry": {
        "type": "Point",
        "coordinates": [
          74.3420874,
          31.5169274
        ]
      },
      "id": "node/4558031291"
    },
    {
      "type": "Feature",
      "properties": {
        "@id": "node/4584231891",
        "name": "Bundu Khan",
        "name:en": "Bundu Khan",
        "shop": "bakery"
      },
      "geometry": {
        "type": "Point",
        "coordinates": [
          74.3191935,
          31.5394115
        ]
      },
      "id": "node/4584231891"
    },
    {
      "type": "Feature",
      "properties": {
        "@id": "node/4602390091",
        "name": "Gourmet",
        "name:en": "Gourmet",
        "shop": "bakery"
      },
      "geometry": {
        "type": "Point",
        "coordinates": [
          74.3873195,
          31.4923895
        ]
      },
      "id": "node/4602390091"
    },
    {
      "type": "Feature",
      "properties": {
        "@id": "node/4641905510",
        "amenity": "restaurant",
        "name": "Options"
      },
      "geometry": {
        "type": "Point",
        "coordinates": [
          74.3227798,
          31.5014137
        ]
      },
      "id": "node/4641905510"
    },
    {
      "type": "Feature",
      "properties": {
        "@id": "node/4658649391",
        "name": "Gourmet Marriage Marquee",
        "name:en": "Gourmet Marriage Marquee",
        "shop": "bakery"
      },
      "geometry": {
        "type": "Point",
        "coordinates": [
          74.3308108,
          31.5429995
        ]
      },
      "id": "node/4658649391"
    },
    {
      "type": "Feature",
      "properties": {
        "@id": "node/4658683289",
        "name": "Butt Bakers and Sweets",
        "name:en": "Butt Bakers and Sweets",
        "shop": "bakery"
      },
      "geometry": {
        "type": "Point",
        "coordinates": [
          74.3086588,
          31.4706608
        ]
      },
      "id": "node/4658683289"
    },
    {
      "type": "Feature",
      "properties": {
        "@id": "node/4659566189",
        "addr:housenumber": "1 gcp",
        "addr:postcode": "540000",
        "addr:street": "Kyhaban-e-Nazaria-e-Pakistan",
        "amenity": "restaurant",
        "cuisine": "diner;grill",
        "internet_access": "wlan",
        "name": "the restaurant",
        "name:en": "the restaurant",
        "opening_hours": "Mo-Su 11:00-12:00",
        "phone": "04235300201-2"
      },
      "geometry": {
        "type": "Point",
        "coordinates": [
          74.2683403,
          31.4515669
        ]
      },
      "id": "node/4659566189"
    },
    {
      "type": "Feature",
      "properties": {
        "@id": "node/4666715291",
        "addr:postcode": "54500",
        "addr:street": "To From Moterway Exit",
        "amenity": "restaurant",
        "name": "SHOKAT HOTEL",
        "opening_hours": "Mo-Su 07:00-00:30",
        "operator": "Abuzar Musavia",
        "phone": "0308 5193105"
      },
      "geometry": {
        "type": "Point",
        "coordinates": [
          74.2710894,
          31.5196676
        ]
      },
      "id": "node/4666715291"
    },
    {
      "type": "Feature",
      "properties": {
        "@id": "node/4666716591",
        "addr:housenumber": "42",
        "addr:postcode": "54500",
        "addr:street": "To From Moterway Exit",
        "amenity": "cafe",
        "cuisine": "asian",
        "name": "Fam Flats",
        "opening_hours": "24/7",
        "phone": "+923334402580"
      },
      "geometry": {
        "type": "Point",
        "coordinates": [
          74.2712621,
          31.5206455
        ]
      },
      "id": "node/4666716591"
    },
    {
      "type": "Feature",
      "properties": {
        "@id": "node/4691727591",
        "amenity": "cafe",
        "cuisine": "chicken;fish;fish_and_chips;grill;ice_cream;pizza;burger",
        "internet_access": "wlan",
        "name": "Mr.Chicks",
        "opening_hours": "Mo-Su 12:00-01:00",
        "phone": "03209556676"
      },
      "geometry": {
        "type": "Point",
        "coordinates": [
          74.3807989,
          31.5639453
        ]
      },
      "id": "node/4691727591"
    },
    {
      "type": "Feature",
      "properties": {
        "@id": "node/4691728389",
        "name": "gourmet Baker & Sweet",
        "opening_hours": "Mo-Su 06:00-00:00",
        "shop": "bakery"
      },
      "geometry": {
        "type": "Point",
        "coordinates": [
          74.4054321,
          31.5869021
        ]
      },
      "id": "node/4691728389"
    },
    {
      "type": "Feature",
      "properties": {
        "@id": "node/4693788292",
        "amenity": "restaurant",
        "name": "Gourmet Restaurant"
      },
      "geometry": {
        "type": "Point",
        "coordinates": [
          74.2707066,
          31.4500628
        ]
      },
      "id": "node/4693788292"
    },
    {
      "type": "Feature",
      "properties": {
        "@id": "node/4693842391",
        "amenity": "cafe",
        "name": "Cafe & fine dining place",
        "name:en": "Cafe & fine dining place"
      },
      "geometry": {
        "type": "Point",
        "coordinates": [
          74.2695546,
          31.4493135
        ]
      },
      "id": "node/4693842391"
    },
    {
      "type": "Feature",
      "properties": {
        "@id": "node/4693845790",
        "amenity": "fast_food",
        "cuisine": "indian",
        "name": "KaKa",
        "name:ar": "كاكا",
        "name:en": "KaKa"
      },
      "geometry": {
        "type": "Point",
        "coordinates": [
          74.2687779,
          31.4487676
        ]
      },
      "id": "node/4693845790"
    },
    {
      "type": "Feature",
      "properties": {
        "@id": "node/4693846489",
        "amenity": "fast_food",
        "cuisine": "hot_dog;indian;arab",
        "internet_access": "wlan",
        "name": "Yasir Broast TakeAway & Delivery",
        "name:en": "Yasir Broast TakeAway & Delivery",
        "opening_hours": "Mo-Su 10:00-02:00",
        "phone": "042111111360"
      },
      "geometry": {
        "type": "Point",
        "coordinates": [
          74.2702048,
          31.4509446
        ]
      },
      "id": "node/4693846489"
    },
    {
      "type": "Feature",
      "properties": {
        "@id": "node/4693847989",
        "amenity": "restaurant",
        "cuisine": "pizza",
        "facebook": "https://www.facebook.com/CaliforniaPizza/",
        "name": "California Pizzeria",
        "name:en": "California Pizzeria",
        "phone": "+92 111 753 753",
        "website": "https://www.ca-pizza.com/"
      },
      "geometry": {
        "type": "Point",
        "coordinates": [
          74.2698197,
          31.4500366
        ]
      },
      "id": "node/4693847989"
    },
    {
      "type": "Feature",
      "properties": {
        "@id": "node/4722155696",
        "amenity": "cafe",
        "name": "Awesomosa",
        "name:en": "Awesomosa"
      },
      "geometry": {
        "type": "Point",
        "coordinates": [
          74.3737468,
          31.501811
        ]
      },
      "id": "node/4722155696"
    },
    {
      "type": "Feature",
      "properties": {
        "@id": "node/4738198525",
        "amenity": "fast_food",
        "cuisine": "pizza",
        "name": "Broadway Pizza",
        "name:en": "Broadway Pizza"
      },
      "geometry": {
        "type": "Point",
        "coordinates": [
          74.3766358,
          31.4714523
        ]
      },
      "id": "node/4738198525"
    },
    {
      "type": "Feature",
      "properties": {
        "@id": "node/4743373422",
        "addr:street": "Model Town Link Road",
        "name": "Gourmet Sweets & Bakers",
        "shop": "bakery"
      },
      "geometry": {
        "type": "Point",
        "coordinates": [
          74.310969,
          31.4682879
        ]
      },
      "id": "node/4743373422"
    },
    {
      "type": "Feature",
      "properties": {
        "@id": "node/4743835123",
        "addr:street": "16 b Commercial Muhafiz Town",
        "amenity": "fast_food",
        "name": "SFC"
      },
      "geometry": {
        "type": "Point",
        "coordinates": [
          74.2181439,
          31.4526213
        ]
      },
      "id": "node/4743835123"
    },
    {
      "type": "Feature",
      "properties": {
        "@id": "node/4787952026",
        "addr:postcode": "54000",
        "amenity": "restaurant",
        "name": "Johnny and Jugnu",
        "name:en": "Johnny and Jugnu",
        "opening_hours": "Mo-Su 13:00-12:00"
      },
      "geometry": {
        "type": "Point",
        "coordinates": [
          74.2884209,
          31.4621614
        ]
      },
      "id": "node/4787952026"
    },
    {
      "type": "Feature",
      "properties": {
        "@id": "node/4860024221",
        "addr:street": "Beadon Rd",
        "amenity": "restaurant",
        "cuisine": "asian;barbecue;beef_bowl",
        "name": "Goonga Kabab Shop",
        "operator": "Deaf n Dumb"
      },
      "geometry": {
        "type": "Point",
        "coordinates": [
          74.3201608,
          31.5623763
        ]
      },
      "id": "node/4860024221"
    },
    {
      "type": "Feature",
      "properties": {
        "@id": "node/4910219489",
        "addr:city": "Shahdara",
        "addr:street": "Grand Trunk Road",
        "amenity": "restaurant",
        "name": "Italian Pizza"
      },
      "geometry": {
        "type": "Point",
        "coordinates": [
          74.2870667,
          31.6322591
        ]
      },
      "id": "node/4910219489"
    },
    {
      "type": "Feature",
      "properties": {
        "@id": "node/4910219492",
        "addr:city": "Shahdara",
        "addr:street": "Grand Trunk Road",
        "name": "Dory Bakery",
        "shop": "bakery"
      },
      "geometry": {
        "type": "Point",
        "coordinates": [
          74.2874064,
          31.6306178
        ]
      },
      "id": "node/4910219492"
    },
    {
      "type": "Feature",
      "properties": {
        "@id": "node/4910219513",
        "addr:city": "Shahdara",
        "addr:street": "Grand Trunk Road",
        "amenity": "restaurant",
        "name": "Too Hot Too Spicy"
      },
      "geometry": {
        "type": "Point",
        "coordinates": [
          74.2889565,
          31.6231745
        ]
      },
      "id": "node/4910219513"
    },
    {
      "type": "Feature",
      "properties": {
        "@id": "node/4910219519",
        "addr:city": "Shahdara",
        "addr:street": "Grand Trunk Road",
        "name": "Gourmet Bakers & Sweets",
        "shop": "bakery"
      },
      "geometry": {
        "type": "Point",
        "coordinates": [
          74.2893882,
          31.6212216
        ]
      },
      "id": "node/4910219519"
    },
    {
      "type": "Feature",
      "properties": {
        "@id": "node/4910219623",
        "addr:city": "Shahdara",
        "addr:street": "Grand Trunk Road",
        "amenity": "restaurant",
        "name": "Dhaka Bhaya Biryani Point"
      },
      "geometry": {
        "type": "Point",
        "coordinates": [
          74.2897351,
          31.6195218
        ]
      },
      "id": "node/4910219623"
    },
    {
      "type": "Feature",
      "properties": {
        "@id": "node/4910219635",
        "addr:city": "Shahdara",
        "addr:street": "Grand Trunk Road",
        "amenity": "restaurant",
        "name": "Instant Burgers"
      },
      "geometry": {
        "type": "Point",
        "coordinates": [
          74.2904323,
          31.6159444
        ]
      },
      "id": "node/4910219635"
    },
    {
      "type": "Feature",
      "properties": {
        "@id": "node/4910219648",
        "addr:city": "Shahdara",
        "addr:street": "Grand Trunk Road",
        "amenity": "restaurant",
        "name": "Sheesh Mahal"
      },
      "geometry": {
        "type": "Point",
        "coordinates": [
          74.2915401,
          31.6148564
        ]
      },
      "id": "node/4910219648"
    },
    {
      "type": "Feature",
      "properties": {
        "@id": "node/4910585748",
        "addr:city": "Shahdara",
        "addr:street": "Grand Trunk Road",
        "amenity": "cafe",
        "name": "Dory Bakers and Sweets"
      },
      "geometry": {
        "type": "Point",
        "coordinates": [
          74.2943826,
          31.6233429
        ]
      },
      "id": "node/4910585748"
    },
    {
      "type": "Feature",
      "properties": {
        "@id": "node/4910585751",
        "addr:city": "Shahdara",
        "addr:street": "Grand Trunk Road",
        "amenity": "restaurant",
        "name": "BBQ Take Away"
      },
      "geometry": {
        "type": "Point",
        "coordinates": [
          74.2956488,
          31.6235611
        ]
      },
      "id": "node/4910585751"
    },
    {
      "type": "Feature",
      "properties": {
        "@id": "node/4910585753",
        "addr:city": "Shahdara",
        "addr:street": "Band Road Shahdara Town",
        "amenity": "restaurant",
        "name": "New Al-Fazal Dera Restaurent"
      },
      "geometry": {
        "type": "Point",
        "coordinates": [
          74.3011261,
          31.6251743
        ]
      },
      "id": "node/4910585753"
    },
    {
      "type": "Feature",
      "properties": {
        "@id": "node/4910585780",
        "addr:city": "Shahdara",
        "addr:street": "Jaranwala - Lahore Road",
        "amenity": "fast_food",
        "name": "Arabian Shawarma"
      },
      "geometry": {
        "type": "Point",
        "coordinates": [
          74.2648769,
          31.6132951
        ]
      },
      "id": "node/4910585780"
    },
    {
      "type": "Feature",
      "properties": {
        "@id": "node/4910585789",
        "addr:city": "Shahdara",
        "addr:street": "Jaranwala - Lahore Road",
        "amenity": "restaurant",
        "name": "Zauq Tonight Restaurant"
      },
      "geometry": {
        "type": "Point",
        "coordinates": [
          74.2697633,
          31.6144672
        ]
      },
      "id": "node/4910585789"
    },
    {
      "type": "Feature",
      "properties": {
        "@id": "node/4910585790",
        "addr:city": "Shahdara",
        "addr:street": "Jaranwala - Lahore Road",
        "name": "Krisco Bakers",
        "shop": "bakery"
      },
      "geometry": {
        "type": "Point",
        "coordinates": [
          74.2688621,
          31.614321
        ]
      },
      "id": "node/4910585790"
    },
    {
      "type": "Feature",
      "properties": {
        "@id": "node/4910585793",
        "addr:city": "Shahdara",
        "addr:street": "Jaranwala - Lahore Road",
        "amenity": "restaurant",
        "name": "Al Khan Restaurant"
      },
      "geometry": {
        "type": "Point",
        "coordinates": [
          74.271495,
          31.6148633
        ]
      },
      "id": "node/4910585793"
    },
    {
      "type": "Feature",
      "properties": {
        "@id": "node/4910585812",
        "addr:city": "Shahdara",
        "addr:street": "Jaranwala - Lahore Road",
        "amenity": "restaurant",
        "name": "Siddique Fish Corner"
      },
      "geometry": {
        "type": "Point",
        "coordinates": [
          74.2856292,
          31.617613
        ]
      },
      "id": "node/4910585812"
    },
    {
      "type": "Feature",
      "properties": {
        "@id": "node/4912291852",
        "addr:city": "Lahore",
        "addr:street": "Circular Road",
        "amenity": "restaurant",
        "name": "Ravi Chargha"
      },
      "geometry": {
        "type": "Point",
        "coordinates": [
          74.3059083,
          31.5917394
        ]
      },
      "id": "node/4912291852"
    },
    {
      "type": "Feature",
      "properties": {
        "@id": "node/4912291859",
        "addr:city": "Lahore",
        "addr:street": "Grand Trunk Road",
        "amenity": "restaurant",
        "name": "Grand Trunk Road گرینڈ ٹرنک روڈ"
      },
      "geometry": {
        "type": "Point",
        "coordinates": [
          74.3063064,
          31.5891194
        ]
      },
      "id": "node/4912291859"
    },
    {
      "type": "Feature",
      "properties": {
        "@id": "node/4912291860",
        "addr:city": "Lahore",
        "addr:street": "Lnk Ravi Road",
        "amenity": "fast_food",
        "name": "Al Masoom Juice Corner"
      },
      "geometry": {
        "type": "Point",
        "coordinates": [
          74.3039039,
          31.5896665
        ]
      },
      "id": "node/4912291860"
    },
    {
      "type": "Feature",
      "properties": {
        "@id": "node/4912291868",
        "addr:city": "Lahore",
        "addr:street": "Data Darbar Road",
        "amenity": "fast_food",
        "name": "Bola Chany Wala"
      },
      "geometry": {
        "type": "Point",
        "coordinates": [
          74.3053701,
          31.5880105
        ]
      },
      "id": "node/4912291868"
    },
    {
      "type": "Feature",
      "properties": {
        "@id": "node/4912291869",
        "addr:city": "Lahore",
        "addr:street": "Data Darbar Road",
        "amenity": "fast_food",
        "name": "Rangeela Kukkar"
      },
      "geometry": {
        "type": "Point",
        "coordinates": [
          74.305795,
          31.5876018
        ]
      },
      "id": "node/4912291869"
    },
    {
      "type": "Feature",
      "properties": {
        "@id": "node/4912291876",
        "addr:city": "Lahore",
        "addr:street": "Data Darbar Road",
        "amenity": "fast_food",
        "name": "Pizza Hot"
      },
      "geometry": {
        "type": "Point",
        "coordinates": [
          74.306323,
          31.5869219
        ]
      },
      "id": "node/4912291876"
    },
    {
      "type": "Feature",
      "properties": {
        "@id": "node/4912291890",
        "addr:city": "Lahore",
        "addr:street": "Data Darbar Road",
        "amenity": "ice_cream",
        "name": "Baba Kulfi"
      },
      "geometry": {
        "type": "Point",
        "coordinates": [
          74.3059541,
          31.5801222
        ]
      },
      "id": "node/4912291890"
    },
    {
      "type": "Feature",
      "properties": {
        "@id": "node/4912291892",
        "addr:city": "Lahore",
        "addr:street": "Jilani Road",
        "amenity": "restaurant",
        "name": "Butt Resturant"
      },
      "geometry": {
        "type": "Point",
        "coordinates": [
          74.305761,
          31.5798681
        ]
      },
      "id": "node/4912291892"
    },
    {
      "type": "Feature",
      "properties": {
        "@id": "node/4912291897",
        "addr:city": "Lahore",
        "addr:street": "Bilal Ghang",
        "amenity": "cafe",
        "name": "Hafiz Tea Stall"
      },
      "geometry": {
        "type": "Point",
        "coordinates": [
          74.3029783,
          31.578153
        ]
      },
      "id": "node/4912291897"
    },
    {
      "type": "Feature",
      "properties": {
        "@id": "node/4912291923",
        "addr:city": "Lahore",
        "addr:street": "Bilal Ghang",
        "amenity": "restaurant",
        "name": "Chaudary Chargha House"
      },
      "geometry": {
        "type": "Point",
        "coordinates": [
          74.3026178,
          31.5816017
        ]
      },
      "id": "node/4912291923"
    },
    {
      "type": "Feature",
      "properties": {
        "@id": "node/4912291924",
        "addr:city": "Lahore",
        "addr:street": "Jilani Road",
        "amenity": "restaurant",
        "name": "Ashoka Kabab Wala"
      },
      "geometry": {
        "type": "Point",
        "coordinates": [
          74.3031699,
          31.5813213
        ]
      },
      "id": "node/4912291924"
    },
    {
      "type": "Feature",
      "properties": {
        "@id": "node/4912291929",
        "addr:city": "Lahore",
        "addr:street": "Data Darbar Road",
        "name": "Pilot Bakers",
        "shop": "bakery"
      },
      "geometry": {
        "type": "Point",
        "coordinates": [
          74.306586,
          31.5776125
        ]
      },
      "id": "node/4912291929"
    },
    {
      "type": "Feature",
      "properties": {
        "@id": "node/4912291930",
        "addr:city": "Lahore",
        "addr:street": "Data Darbar Road",
        "name": "Ali Baba Bakery",
        "shop": "bakery"
      },
      "geometry": {
        "type": "Point",
        "coordinates": [
          74.3068726,
          31.5772115
        ]
      },
      "id": "node/4912291930"
    },
    {
      "type": "Feature",
      "properties": {
        "@id": "node/4912575624",
        "addr:city": "Lahore",
        "addr:street": "Fruit Mrkt Rd",
        "amenity": "restaurant",
        "name": "Qadri Charsi Tikka Dumba Karahi"
      },
      "geometry": {
        "type": "Point",
        "coordinates": [
          74.3065787,
          31.6061299
        ]
      },
      "id": "node/4912575624"
    },
    {
      "type": "Feature",
      "properties": {
        "@id": "node/4912575625",
        "addr:city": "Lahore",
        "addr:street": "Fruit Mrkt Rd",
        "amenity": "restaurant",
        "name": "Shinwari Dumba karahi & Tikka"
      },
      "geometry": {
        "type": "Point",
        "coordinates": [
          74.3072742,
          31.606062
        ]
      },
      "id": "node/4912575625"
    },
    {
      "type": "Feature",
      "properties": {
        "@id": "node/4912575626",
        "addr:city": "Lahore",
        "addr:street": "Fruit Mrkt Rd",
        "amenity": "restaurant",
        "name": "Ilyas Dumba Karahi"
      },
      "geometry": {
        "type": "Point",
        "coordinates": [
          74.3067734,
          31.6056521
        ]
      },
      "id": "node/4912575626"
    },
    {
      "type": "Feature",
      "properties": {
        "@id": "node/4912575627",
        "addr:city": "Lahore",
        "addr:street": "Fruit Mrkt Rd",
        "amenity": "restaurant",
        "name": "Dumba Karahi - Truck Adda"
      },
      "geometry": {
        "type": "Point",
        "coordinates": [
          74.3069468,
          31.6054577
        ]
      },
      "id": "node/4912575627"
    },
    {
      "type": "Feature",
      "properties": {
        "@id": "node/4912575628",
        "addr:city": "Lahore",
        "addr:street": "Fruit Mrkt Rd",
        "amenity": "restaurant",
        "name": "Jamshed Karahi"
      },
      "geometry": {
        "type": "Point",
        "coordinates": [
          74.3076582,
          31.6056174
        ]
      },
      "id": "node/4912575628"
    },
    {
      "type": "Feature",
      "properties": {
        "@id": "node/4912575629",
        "addr:city": "Lahore",
        "addr:street": "Fruit Mrkt Rd",
        "amenity": "restaurant",
        "name": "Lasani Plaza"
      },
      "geometry": {
        "type": "Point",
        "coordinates": [
          74.3077626,
          31.6054471
        ]
      },
      "id": "node/4912575629"
    },
    {
      "type": "Feature",
      "properties": {
        "@id": "node/4912575630",
        "addr:city": "Lahore",
        "addr:street": "Fruit Mrkt Rd",
        "amenity": "restaurant",
        "name": "Shinvari Hotel"
      },
      "geometry": {
        "type": "Point",
        "coordinates": [
          74.3057889,
          31.6055472
        ]
      },
      "id": "node/4912575630"
    },
    {
      "type": "Feature",
      "properties": {
        "@id": "node/4912575631",
        "addr:city": "Lahore",
        "addr:street": "Fruit Mrkt Rd",
        "amenity": "restaurant",
        "name": "Ghani Shinwari"
      },
      "geometry": {
        "type": "Point",
        "coordinates": [
          74.3056173,
          31.6055358
        ]
      },
      "id": "node/4912575631"
    },
    {
      "type": "Feature",
      "properties": {
        "@id": "node/4912575662",
        "addr:city": "Lahore",
        "addr:street": "Ravi Rd",
        "name": "Gourmet Bakery",
        "shop": "bakery"
      },
      "geometry": {
        "type": "Point",
        "coordinates": [
          74.3065905,
          31.5935814
        ]
      },
      "id": "node/4912575662"
    },
    {
      "type": "Feature",
      "properties": {
        "@id": "node/4912575664",
        "addr:city": "Lahore",
        "addr:street": "Circular Road",
        "amenity": "restaurant",
        "name": "Rajput Pakwan"
      },
      "geometry": {
        "type": "Point",
        "coordinates": [
          74.3066494,
          31.5930014
        ]
      },
      "id": "node/4912575664"
    },
    {
      "type": "Feature",
      "properties": {
        "@id": "node/4914789555",
        "addr:city": "Lahore",
        "addr:street": "Shah Alami Road",
        "amenity": "ice_cream",
        "name": "Baba Kulfi Wala"
      },
      "geometry": {
        "type": "Point",
        "coordinates": [
          74.3173274,
          31.576857
        ]
      },
      "id": "node/4914789555"
    },
    {
      "type": "Feature",
      "properties": {
        "@id": "node/4914789563",
        "addr:city": "Lahore",
        "addr:street": "Sheikh Abdul Qadir Jillani Road",
        "amenity": "restaurant",
        "name": "Sea Hawk Family Restaurant"
      },
      "geometry": {
        "type": "Point",
        "coordinates": [
          74.2959678,
          31.5739963
        ]
      },
      "id": "node/4914789563"
    },
    {
      "type": "Feature",
      "properties": {
        "@id": "node/4914838143",
        "addr:city": "Lahore",
        "addr:street": "Circular Road",
        "name": "Gourmet Bakers & Sweets",
        "shop": "bakery"
      },
      "geometry": {
        "type": "Point",
        "coordinates": [
          74.3311823,
          31.4830737
        ]
      },
      "id": "node/4914838143"
    },
    {
      "type": "Feature",
      "properties": {
        "@id": "node/4916250309",
        "addr:city": "Lahore",
        "addr:street": "Circular Road",
        "amenity": "restaurant",
        "name": "Goga Murgh Chanay"
      },
      "geometry": {
        "type": "Point",
        "coordinates": [
          74.3306515,
          31.4828367
        ]
      },
      "id": "node/4916250309"
    },
    {
      "type": "Feature",
      "properties": {
        "@id": "node/4916250310",
        "addr:city": "Lahore",
        "addr:street": "Circular Road",
        "amenity": "restaurant",
        "name": "Amjad Sweets & Restaurant"
      },
      "geometry": {
        "type": "Point",
        "coordinates": [
          74.3301926,
          31.482919
        ]
      },
      "id": "node/4916250310"
    },
    {
      "type": "Feature",
      "properties": {
        "@id": "node/4916250311",
        "addr:city": "Lahore",
        "addr:street": "Circular Road",
        "amenity": "restaurant",
        "name": "Karachi Naseer Biryani"
      },
      "geometry": {
        "type": "Point",
        "coordinates": [
          74.330526,
          31.4828046
        ]
      },
      "id": "node/4916250311"
    },
    {
      "type": "Feature",
      "properties": {
        "@id": "node/4916250312",
        "addr:city": "Lahore",
        "addr:street": "Circular Road",
        "amenity": "restaurant",
        "name": "Al Qaim Restaurant"
      },
      "geometry": {
        "type": "Point",
        "coordinates": [
          74.3303796,
          31.4826
        ]
      },
      "id": "node/4916250312"
    },
    {
      "type": "Feature",
      "properties": {
        "@id": "node/4916250313",
        "addr:city": "Lahore",
        "addr:street": "Circular Road",
        "amenity": "restaurant",
        "name": "Fancy Sweets & Restaurant"
      },
      "geometry": {
        "type": "Point",
        "coordinates": [
          74.3307341,
          31.4826364
        ]
      },
      "id": "node/4916250313"
    },
    {
      "type": "Feature",
      "properties": {
        "@id": "node/4916250314",
        "addr:city": "Lahore",
        "addr:street": "Circular Road",
        "amenity": "fast_food",
        "brand": "ڈنکن ڈونٹس",
        "brand:ar": "دانكن دونتس",
        "brand:ur": "ڈنکن ڈونٹس",
        "brand:wikidata": "Q847743",
        "brand:wikipedia": "ar:دانكن دونتس",
        "cuisine": "donut;coffee_shop",
        "name": "ڈنکن ڈونٹس",
        "name:ar": "دانكن دونتس",
        "name:en": "Dunkin' Donuts",
        "name:ur": "ڈنکن ڈونٹس",
        "takeaway": "yes"
      },
      "geometry": {
        "type": "Point",
        "coordinates": [
          74.3308248,
          31.4823712
        ]
      },
      "id": "node/4916250314"
    },
    {
      "type": "Feature",
      "properties": {
        "@id": "node/4916250317",
        "addr:city": "Lahore",
        "addr:street": "Circular Road",
        "amenity": "restaurant",
        "name": "Nafees Dahi Bhallay"
      },
      "geometry": {
        "type": "Point",
        "coordinates": [
          74.3301801,
          31.4818708
        ]
      },
      "id": "node/4916250317"
    },
    {
      "type": "Feature",
      "properties": {
        "@id": "node/4916250320",
        "addr:city": "Lahore",
        "addr:street": "Circular Road",
        "amenity": "cafe",
        "name": "Senior Boys Café"
      },
      "geometry": {
        "type": "Point",
        "coordinates": [
          74.3278408,
          31.4811248
        ]
      },
      "id": "node/4916250320"
    },
    {
      "type": "Feature",
      "properties": {
        "@id": "node/4916250621",
        "addr:city": "Lahore",
        "addr:street": "Circular Road",
        "amenity": "cafe",
        "name": "Junior Boys Café"
      },
      "geometry": {
        "type": "Point",
        "coordinates": [
          74.32742,
          31.480974
        ]
      },
      "id": "node/4916250621"
    },
    {
      "type": "Feature",
      "properties": {
        "@id": "node/4916250632",
        "addr:city": "Lahore",
        "addr:street": "Circular Road",
        "name": "Cakes & Bakes",
        "shop": "bakery"
      },
      "geometry": {
        "type": "Point",
        "coordinates": [
          74.3266707,
          31.4890562
        ]
      },
      "id": "node/4916250632"
    },
    {
      "type": "Feature",
      "properties": {
        "@id": "node/4916250633",
        "addr:city": "Lahore",
        "addr:street": "Circular Road",
        "name": "Shezan Bakers & Confectioners",
        "shop": "bakery"
      },
      "geometry": {
        "type": "Point",
        "coordinates": [
          74.3263671,
          31.4890524
        ]
      },
      "id": "node/4916250633"
    },
    {
      "type": "Feature",
      "properties": {
        "@id": "node/4916250636",
        "addr:city": "Lahore",
        "addr:street": "Circular Road",
        "name": "Kitchen Cuisine",
        "shop": "bakery"
      },
      "geometry": {
        "type": "Point",
        "coordinates": [
          74.3260643,
          31.4890078
        ]
      },
      "id": "node/4916250636"
    },
    {
      "type": "Feature",
      "properties": {
        "@id": "node/4916250641",
        "addr:city": "Lahore",
        "addr:street": "Circular Road",
        "amenity": "restaurant"
      },
      "geometry": {
        "type": "Point",
        "coordinates": [
          74.3261277,
          31.4887445
        ]
      },
      "id": "node/4916250641"
    },
    {
      "type": "Feature",
      "properties": {
        "@id": "node/4916250643",
        "addr:city": "Lahore",
        "addr:street": "Circular Road",
        "amenity": "cafe",
        "name": "Cafe Delice"
      },
      "geometry": {
        "type": "Point",
        "coordinates": [
          74.3256709,
          31.4888267
        ]
      },
      "id": "node/4916250643"
    },
    {
      "type": "Feature",
      "properties": {
        "@id": "node/4916250644",
        "amenity": "ice_cream",
        "name": "Happy Ending"
      },
      "geometry": {
        "type": "Point",
        "coordinates": [
          74.3255482,
          31.4885199
        ]
      },
      "id": "node/4916250644"
    },
    {
      "type": "Feature",
      "properties": {
        "@id": "node/4916250645",
        "addr:city": "Lahore",
        "addr:street": "Circular Road",
        "amenity": "restaurant",
        "name": "Goshi"
      },
      "geometry": {
        "type": "Point",
        "coordinates": [
          74.3260195,
          31.4886779
        ]
      },
      "id": "node/4916250645"
    },
    {
      "type": "Feature",
      "properties": {
        "@id": "node/4916250650",
        "addr:city": "Lahore",
        "addr:street": "Circular Road",
        "amenity": "restaurant"
      },
      "geometry": {
        "type": "Point",
        "coordinates": [
          74.3251721,
          31.4887613
        ]
      },
      "id": "node/4916250650"
    },
    {
      "type": "Feature",
      "properties": {
        "@id": "node/4916250651",
        "addr:city": "Lahore",
        "addr:street": "Circular Road",
        "amenity": "restaurant",
        "cuisine": "pizza",
        "name": "Pizzario"
      },
      "geometry": {
        "type": "Point",
        "coordinates": [
          74.3258822,
          31.4879603
        ]
      },
      "id": "node/4916250651"
    },
    {
      "type": "Feature",
      "properties": {
        "@id": "node/4916250653",
        "addr:city": "Lahore",
        "addr:street": "Circular Road",
        "amenity": "restaurant"
      },
      "geometry": {
        "type": "Point",
        "coordinates": [
          74.3263772,
          31.4883413
        ]
      },
      "id": "node/4916250653"
    },
    {
      "type": "Feature",
      "properties": {
        "@id": "node/4916250654",
        "addr:city": "Lahore",
        "addr:street": "Circular Road",
        "amenity": "fast_food",
        "cuisine": "fast_food",
        "name": "Ice Food"
      },
      "geometry": {
        "type": "Point",
        "coordinates": [
          74.3255404,
          31.4884268
        ]
      },
      "id": "node/4916250654"
    },
    {
      "type": "Feature",
      "properties": {
        "@id": "node/4916250655",
        "addr:city": "Lahore",
        "addr:street": "Circular Road",
        "amenity": "cafe",
        "outdoor_seating": "yes"
      },
      "geometry": {
        "type": "Point",
        "coordinates": [
          74.3259622,
          31.4880718
        ]
      },
      "id": "node/4916250655"
    },
    {
      "type": "Feature",
      "properties": {
        "@id": "node/4916250656",
        "addr:city": "Lahore",
        "addr:street": "Circular Road",
        "amenity": "fast_food",
        "name": "Arabic Shawarma"
      },
      "geometry": {
        "type": "Point",
        "coordinates": [
          74.3255611,
          31.4883325
        ]
      },
      "id": "node/4916250656"
    },
    {
      "type": "Feature",
      "properties": {
        "@id": "node/4916250657",
        "addr:city": "Lahore",
        "addr:street": "Circular Road",
        "amenity": "restaurant",
        "name": "Sholay Restaurant"
      },
      "geometry": {
        "type": "Point",
        "coordinates": [
          74.3259078,
          31.48821
        ]
      },
      "id": "node/4916250657"
    },
    {
      "type": "Feature",
      "properties": {
        "@id": "node/4916640088",
        "addr:city": "Lahore",
        "addr:street": "Main Boulevard Garden Town",
        "name": "The Cakery Bakery",
        "shop": "bakery"
      },
      "geometry": {
        "type": "Point",
        "coordinates": [
          74.3290974,
          31.5046978
        ]
      },
      "id": "node/4916640088"
    },
    {
      "type": "Feature",
      "properties": {
        "@id": "node/4916640104",
        "addr:city": "Lahore",
        "addr:street": "Main Boulevard Garden Town",
        "amenity": "restaurant",
        "email": "lahore@lalqila.com",
        "name": "Lal Qila",
        "website": "http://lalqila.com/lahore/contact-us/"
      },
      "geometry": {
        "type": "Point",
        "coordinates": [
          74.3231039,
          31.5013939
        ]
      },
      "id": "node/4916640104"
    },
    {
      "type": "Feature",
      "properties": {
        "@id": "node/4916640109",
        "addr:city": "Lahore",
        "addr:street": "Main Boulevard Garden Town",
        "amenity": "fast_food",
        "name": "Subway - Garden Town"
      },
      "geometry": {
        "type": "Point",
        "coordinates": [
          74.3217135,
          31.5017635
        ]
      },
      "id": "node/4916640109"
    },
    {
      "type": "Feature",
      "properties": {
        "@id": "node/4916640110",
        "addr:city": "Lahore",
        "addr:street": "Main Boulevard Garden Town",
        "amenity": "restaurant",
        "name": "Grill Hut"
      },
      "geometry": {
        "type": "Point",
        "coordinates": [
          74.3212604,
          31.5007103
        ]
      },
      "id": "node/4916640110"
    },
    {
      "type": "Feature",
      "properties": {
        "@id": "node/4916640111",
        "addr:city": "Lahore",
        "addr:street": "Main Boulevard Garden Town",
        "name": "Gourmet Bakers & Sweets",
        "shop": "bakery"
      },
      "geometry": {
        "type": "Point",
        "coordinates": [
          74.3213171,
          31.5005655
        ]
      },
      "id": "node/4916640111"
    },
    {
      "type": "Feature",
      "properties": {
        "@id": "node/4916640112",
        "addr:city": "Lahore",
        "addr:street": "Garden Town",
        "amenity": "fast_food",
        "name": "Karachi Biryani"
      },
      "geometry": {
        "type": "Point",
        "coordinates": [
          74.3227186,
          31.500312
        ]
      },
      "id": "node/4916640112"
    },
    {
      "type": "Feature",
      "properties": {
        "@id": "node/4916640113",
        "addr:city": "Lahore",
        "addr:street": "Garden Town",
        "amenity": "restaurant",
        "name": "Mei Kong"
      },
      "geometry": {
        "type": "Point",
        "coordinates": [
          74.322846,
          31.5000163
        ]
      },
      "id": "node/4916640113"
    },
    {
      "type": "Feature",
      "properties": {
        "@id": "node/4916640120",
        "addr:city": "Lahore",
        "addr:street": "Main Boulevard Garden Town",
        "amenity": "fast_food",
        "brand": "کینٹکی فرائیڈ چکن",
        "brand:ar": "دجاج كنتاكي",
        "brand:en": "KFC",
        "brand:fa": "کی‌اف‌سی",
        "brand:ur": "کینٹکی فرائیڈ چکن",
        "brand:wikidata": "Q524757",
        "brand:wikipedia": "ur:کینٹکی فرائیڈ چکن",
        "brand:wikipedia:ar": "دجاج كنتاكي",
        "brand:wikipedia:fa": "کی‌اف‌سی",
        "brand:wikipedia:ur": "کینٹکی فرائیڈ چکن",
        "cuisine": "chicken",
        "name": "کینٹکی فرائیڈ چکن",
        "name:ar": "دجاج كنتاكي",
        "name:en": "KFC",
        "name:fa": "کی‌اف‌سی",
        "name:ur": "کینٹکی فرائیڈ چکن",
        "takeaway": "yes"
      },
      "geometry": {
        "type": "Point",
        "coordinates": [
          74.320004,
          31.5012203
        ]
      },
      "id": "node/4916640120"
    },
    {
      "type": "Feature",
      "properties": {
        "@id": "node/4916641126",
        "addr:city": "Lahore",
        "addr:street": "Main Boulevard Garden Town",
        "amenity": "restaurant",
        "name": "Options - An Exotic"
      },
      "geometry": {
        "type": "Point",
        "coordinates": [
          74.3179831,
          31.5000646
        ]
      },
      "id": "node/4916641126"
    },
    {
      "type": "Feature",
      "properties": {
        "@id": "node/4916641147",
        "addr:city": "Lahore",
        "addr:street": "Usmani Road",
        "amenity": "restaurant",
        "brand": "سب وے",
        "brand:ar": "صبوي",
        "brand:ur": "سب وے",
        "brand:website": "https://www.subway.com",
        "brand:wikidata": "Q244457",
        "brand:wikipedia": "ar:صب واي",
        "name": "سب وے",
        "name:ar": "صبوي",
        "name:de": "Subway",
        "name:en": "Subway",
        "name:es": "Subway",
        "name:ur": "سب وے"
      },
      "geometry": {
        "type": "Point",
        "coordinates": [
          74.3022642,
          31.4853165
        ]
      },
      "id": "node/4916641147"
    },
    {
      "type": "Feature",
      "properties": {
        "@id": "node/4916641158",
        "addr:city": "Lahore",
        "addr:street": "Maulana Shaukat Ali Road",
        "amenity": "restaurant",
        "name": "Al Madina Restaurant"
      },
      "geometry": {
        "type": "Point",
        "coordinates": [
          74.2984415,
          31.4809764
        ]
      },
      "id": "node/4916641158"
    },
    {
      "type": "Feature",
      "properties": {
        "@id": "node/4916785687",
        "addr:city": "Lahore",
        "addr:street": "Maulana Shaukat Ali Road",
        "amenity": "ice_cream",
        "name": "Chaman Ice Cream"
      },
      "geometry": {
        "type": "Point",
        "coordinates": [
          74.3005538,
          31.479489
        ]
      },
      "id": "node/4916785687"
    },
    {
      "type": "Feature",
      "properties": {
        "@id": "node/4916785712",
        "addr:city": "Lahore",
        "addr:street": "Qazi Essa Rd",
        "amenity": "restaurant",
        "name": "Village Pizza"
      },
      "geometry": {
        "type": "Point",
        "coordinates": [
          74.3025145,
          31.4749906
        ]
      },
      "id": "node/4916785712"
    },
    {
      "type": "Feature",
      "properties": {
        "@id": "node/4916785713",
        "addr:city": "Lahore",
        "addr:street": "Qazi Essa Rd",
        "amenity": "restaurant",
        "name": "Pizza Place"
      },
      "geometry": {
        "type": "Point",
        "coordinates": [
          74.30261,
          31.4747823
        ]
      },
      "id": "node/4916785713"
    },
    {
      "type": "Feature",
      "properties": {
        "@id": "node/4916786424",
        "addr:city": "Lahore",
        "addr:street": "Maulana Shaukat Ali Road",
        "amenity": "restaurant",
        "name": "NFC"
      },
      "geometry": {
        "type": "Point",
        "coordinates": [
          74.3033902,
          31.4697677
        ]
      },
      "id": "node/4916786424"
    },
    {
      "type": "Feature",
      "properties": {
        "@id": "node/4916786425",
        "addr:city": "Lahore",
        "addr:street": "Maulana Shaukat Ali Road",
        "amenity": "restaurant",
        "name": "The Galaxy Restaurant (Pizza and Fast Foods)"
      },
      "geometry": {
        "type": "Point",
        "coordinates": [
          74.3032221,
          31.4699628
        ]
      },
      "id": "node/4916786425"
    },
    {
      "type": "Feature",
      "properties": {
        "@id": "node/4916786427",
        "addr:city": "Lahore",
        "addr:street": "Maulana Shaukat Ali Road",
        "amenity": "restaurant",
        "name": "Haji Sahib Nihari Waley"
      },
      "geometry": {
        "type": "Point",
        "coordinates": [
          74.3037661,
          31.4686803
        ]
      },
      "id": "node/4916786427"
    },
    {
      "type": "Feature",
      "properties": {
        "@id": "node/4916786428",
        "addr:city": "Lahore",
        "addr:street": "Maulana Shaukat Ali Road",
        "amenity": "restaurant",
        "name": "Nadeem's Buffet"
      },
      "geometry": {
        "type": "Point",
        "coordinates": [
          74.3042051,
          31.4692578
        ]
      },
      "id": "node/4916786428"
    },
    {
      "type": "Feature",
      "properties": {
        "@id": "node/4916786429",
        "addr:city": "Lahore",
        "addr:street": "Maulana Shaukat Ali Road",
        "amenity": "restaurant",
        "name": "Bashir Darul Mahi"
      },
      "geometry": {
        "type": "Point",
        "coordinates": [
          74.3038875,
          31.4687838
        ]
      },
      "id": "node/4916786429"
    },
    {
      "type": "Feature",
      "properties": {
        "@id": "node/4916786434",
        "addr:city": "Lahore",
        "addr:street": "College Road",
        "name": "Fresh Inn Bakers",
        "shop": "bakery"
      },
      "geometry": {
        "type": "Point",
        "coordinates": [
          74.3070335,
          31.4669421
        ]
      },
      "id": "node/4916786434"
    },
    {
      "type": "Feature",
      "properties": {
        "@id": "node/4916786447",
        "addr:city": "Lahore",
        "addr:street": "Maulana Shaukat Ali Road",
        "amenity": "restaurant",
        "brand": "Tosta",
        "brand:wikipedia:ar": "M/S Tosta",
        "brand:wikipedia:ur": "M/S Tosta",
        "cuisine": "burger;sandwich;fast_food",
        "name": "Tosta"
      },
      "geometry": {
        "type": "Point",
        "coordinates": [
          74.3111034,
          31.4662549
        ]
      },
      "id": "node/4916786447"
    },
    {
      "type": "Feature",
      "properties": {
        "@id": "node/4916786453",
        "addr:city": "Lahore",
        "addr:street": "Maulana Shaukat Ali Road",
        "name": "Cakes & Bakes",
        "shop": "bakery"
      },
      "geometry": {
        "type": "Point",
        "coordinates": [
          74.3181802,
          31.4630288
        ]
      },
      "id": "node/4916786453"
    },
    {
      "type": "Feature",
      "properties": {
        "@id": "node/4916786454",
        "addr:city": "Lahore",
        "addr:street": "Maulana Shaukat Ali Road",
        "name": "Gourmet Bakery",
        "shop": "bakery"
      },
      "geometry": {
        "type": "Point",
        "coordinates": [
          74.3182876,
          31.4634431
        ]
      },
      "id": "node/4916786454"
    },
    {
      "type": "Feature",
      "properties": {
        "@id": "node/4916786457",
        "addr:city": "Lahore",
        "addr:street": "Maulana Shaukat Ali Road",
        "amenity": "cafe",
        "name": "Jinnah Islamia College for Girls",
        "name:ur": "جناح اسلامیہ کالج فار گرلز"
      },
      "geometry": {
        "type": "Point",
        "coordinates": [
          74.3195672,
          31.4629526
        ]
      },
      "id": "node/4916786457"
    },
    {
      "type": "Feature",
      "properties": {
        "@id": "node/4916900825",
        "addr:city": "Lahore",
        "addr:street": "Ferozepur Road",
        "amenity": "restaurant",
        "name": "Coko Bell"
      },
      "geometry": {
        "type": "Point",
        "coordinates": [
          74.3342951,
          31.4986349
        ]
      },
      "id": "node/4916900825"
    },
    {
      "type": "Feature",
      "properties": {
        "@id": "node/4916900833",
        "addr:city": "Lahore",
        "addr:street": "Service Road",
        "amenity": "restaurant",
        "name": "Bundu Khan Sweets"
      },
      "geometry": {
        "type": "Point",
        "coordinates": [
          74.3371987,
          31.491584
        ]
      },
      "id": "node/4916900833"
    },
    {
      "type": "Feature",
      "properties": {
        "@id": "node/4916900835",
        "addr:city": "Lahore",
        "addr:street": "Service Road",
        "amenity": "fast_food",
        "name": "Shawarma Time Arabian Food"
      },
      "geometry": {
        "type": "Point",
        "coordinates": [
          74.3374981,
          31.4908543
        ]
      },
      "id": "node/4916900835"
    },
    {
      "type": "Feature",
      "properties": {
        "@id": "node/4918998544",
        "addr:city": "Lahore",
        "addr:street": "Garden Town",
        "amenity": "restaurant",
        "name": "Canal Resturant"
      },
      "geometry": {
        "type": "Point",
        "coordinates": [
          74.3266985,
          31.5178322
        ]
      },
      "id": "node/4918998544"
    },
    {
      "type": "Feature",
      "properties": {
        "@id": "node/4920146642",
        "addr:city": "Lahore",
        "addr:street": "Service Road",
        "amenity": "cafe",
        "name": "Gravity The Gaming Cafe"
      },
      "geometry": {
        "type": "Point",
        "coordinates": [
          74.3383016,
          31.4890014
        ]
      },
      "id": "node/4920146642"
    },
    {
      "type": "Feature",
      "properties": {
        "@id": "node/4920146643",
        "addr:city": "Lahore",
        "addr:street": "Service Road",
        "amenity": "fast_food",
        "name": "Chicken Kozi Haleem"
      },
      "geometry": {
        "type": "Point",
        "coordinates": [
          74.3385403,
          31.488409
        ]
      },
      "id": "node/4920146643"
    },
    {
      "type": "Feature",
      "properties": {
        "@id": "node/4920146644",
        "addr:city": "Lahore",
        "addr:street": "Service Road",
        "amenity": "cafe",
        "name": "Alif Milk Waly"
      },
      "geometry": {
        "type": "Point",
        "coordinates": [
          74.3389801,
          31.4873165
        ]
      },
      "id": "node/4920146644"
    },
    {
      "type": "Feature",
      "properties": {
        "@id": "node/4920146646",
        "addr:city": "Lahore",
        "addr:street": "Service Road",
        "name": "Doce Bakers",
        "shop": "bakery"
      },
      "geometry": {
        "type": "Point",
        "coordinates": [
          74.3391927,
          31.4867569
        ]
      },
      "id": "node/4920146646"
    },
    {
      "type": "Feature",
      "properties": {
        "@id": "node/4938305323",
        "amenity": "restaurant",
        "name": "YASIR BROAST"
      },
      "geometry": {
        "type": "Point",
        "coordinates": [
          74.3005553,
          31.5107571
        ]
      },
      "id": "node/4938305323"
    },
    {
      "type": "Feature",
      "properties": {
        "@id": "node/4945573327",
        "name": "New Rahat Bakers",
        "shop": "bakery"
      },
      "geometry": {
        "type": "Point",
        "coordinates": [
          74.3613212,
          31.5522678
        ]
      },
      "id": "node/4945573327"
    },
    {
      "type": "Feature",
      "properties": {
        "@id": "node/4946147521",
        "addr:street": "Food St Fort Road",
        "amenity": "restaurant",
        "check_date": "2023-04-15",
        "contact:tripadvisor": "8322463",
        "cuisine": "chinese;regional;pak",
        "name": "حویلی ریسٹورانٹ",
        "name:en": "Haveli Restaurant",
        "payment:mastercard": "yes",
        "payment:visa": "yes",
        "website": "https://www.haveli.com.pk/",
        "wheelchair": "yes"
      },
      "geometry": {
        "type": "Point",
        "coordinates": [
          74.3114255,
          31.5870129
        ]
      },
      "id": "node/4946147521"
    },
    {
      "type": "Feature",
      "properties": {
        "@id": "node/4946147621",
        "amenity": "fast_food"
      },
      "geometry": {
        "type": "Point",
        "coordinates": [
          74.3130972,
          31.5763795
        ]
      },
      "id": "node/4946147621"
    },
    {
      "type": "Feature",
      "properties": {
        "@id": "node/4972228924",
        "amenity": "ice_cream",
        "cuisine": "burger;sandwich;pizza;tea;italian_pizza;coffee_shop",
        "name": "Pomy's",
        "operator": "Wasiq Ch."
      },
      "geometry": {
        "type": "Point",
        "coordinates": [
          74.3793209,
          31.4662698
        ]
      },
      "id": "node/4972228924"
    },
    {
      "type": "Feature",
      "properties": {
        "@id": "node/4974663723",
        "amenity": "fast_food",
        "name": "Shehanshahi Fast Food",
        "name:en": "Shehanshahi Fast Food"
      },
      "geometry": {
        "type": "Point",
        "coordinates": [
          74.2870513,
          31.5194357
        ]
      },
      "id": "node/4974663723"
    },
    {
      "type": "Feature",
      "properties": {
        "@id": "node/4974663922",
        "name": "Midway Bakers",
        "name:en": "Midway Bakers",
        "shop": "bakery"
      },
      "geometry": {
        "type": "Point",
        "coordinates": [
          74.2871944,
          31.5195493
        ]
      },
      "id": "node/4974663922"
    },
    {
      "type": "Feature",
      "properties": {
        "@id": "node/5033145694",
        "amenity": "restaurant",
        "cuisine": "steak_house",
        "name": "Gauchos Steak House"
      },
      "geometry": {
        "type": "Point",
        "coordinates": [
          74.3458421,
          31.5187787
        ]
      },
      "id": "node/5033145694"
    },
    {
      "type": "Feature",
      "properties": {
        "@id": "node/5075276321",
        "amenity": "fast_food",
        "brand": "مکڈونلڈز",
        "brand:ar": "مكدونالدز",
        "brand:de": "McDonald’s",
        "brand:en": "McDonald's",
        "brand:fa": "مکدونالدز",
        "brand:pnb": "میکڈونلڈز",
        "brand:ps": "مکډونالډز",
        "brand:ur": "مکڈونلڈز",
        "brand:wikidata": "Q38076",
        "brand:wikipedia": "ur:مکڈونلڈز",
        "brand:wikipedia:ar": "مكدونالدز",
        "brand:wikipedia:fa": "مکدونالدز",
        "brand:wikipedia:pnb": "میکڈونلڈز",
        "brand:wikipedia:ps": "مکډونالډز",
        "brand:wikipedia:ur": "مکڈونلڈز",
        "cuisine": "burger",
        "name": "مکڈونلڈز",
        "name:ar": "مكدونالدز",
        "name:de": "McDonald’s",
        "name:en": "McDonald's",
        "name:fa": "مکدونالدز",
        "name:pnb": "میکڈونلڈز",
        "name:ps": "مکډونالډز",
        "name:ur": "مکڈونلڈز"
      },
      "geometry": {
        "type": "Point",
        "coordinates": [
          74.3365229,
          31.538718
        ]
      },
      "id": "node/5075276321"
    },
    {
      "type": "Feature",
      "properties": {
        "@id": "node/5076913421",
        "addr:postcode": "54000",
        "addr:street": "College Road, Township.",
        "name": "Gourmet Bakery.",
        "opening_hours": "24/7",
        "shop": "bakery"
      },
      "geometry": {
        "type": "Point",
        "coordinates": [
          74.3037004,
          31.4604272
        ]
      },
      "id": "node/5076913421"
    },
    {
      "type": "Feature",
      "properties": {
        "@id": "node/5107428025",
        "addr:housenumber": "429, G4",
        "addr:street": "Johar Town",
        "amenity": "restaurant",
        "internet_access": "wlan",
        "name": "Qabail restaurant",
        "phone": "04235290204"
      },
      "geometry": {
        "type": "Point",
        "coordinates": [
          74.2708721,
          31.4753676
        ]
      },
      "id": "node/5107428025"
    },
    {
      "type": "Feature",
      "properties": {
        "@id": "node/5107430222",
        "addr:housenumber": "46 A",
        "addr:street": "Ghalib Road",
        "amenity": "restaurant",
        "internet_access": "wlan",
        "name": "Qabail Restaurant",
        "phone": "04235756033"
      },
      "geometry": {
        "type": "Point",
        "coordinates": [
          74.3517481,
          31.5128313
        ]
      },
      "id": "node/5107430222"
    },
    {
      "type": "Feature",
      "properties": {
        "@id": "node/5130636935",
        "addr:city": "Lahore",
        "addr:housenumber": "94-D",
        "addr:postcode": "54000",
        "addr:street": "Main Boulevard Gulberg",
        "amenity": "restaurant",
        "cuisine": "pizza;italian;burger;chinese;coffee_shop;sandwich;kebab;chicken;ice_cream;sushi;seafood;fish_and_chips",
        "delivery": "no",
        "email": "info@thebrasserie.com.pk",
        "name": "The Brasserie Lahore",
        "opening_hours": "Mo-Su 09:00-21:00",
        "outdoor_seating": "no",
        "phone": "(042) 35790051",
        "smoking": "dedicated",
        "website": "https://thebrasserie.com.pk"
      },
      "geometry": {
        "type": "Point",
        "coordinates": [
          74.3457792,
          31.5186924
        ]
      },
      "id": "node/5130636935"
    },
    {
      "type": "Feature",
      "properties": {
        "@id": "node/5132538720",
        "addr:city": "Lahore",
        "amenity": "restaurant",
        "capacity": "10000",
        "delivery": "yes",
        "name": "Rafeh's Cuisine",
        "opening_hours": "24/7",
        "outdoor_seating": "yes",
        "smoking": "isolated",
        "takeaway": "no"
      },
      "geometry": {
        "type": "Point",
        "coordinates": [
          74.3182801,
          31.4667967
        ]
      },
      "id": "node/5132538720"
    },
    {
      "type": "Feature",
      "properties": {
        "@id": "node/5133565166",
        "name": "Gourmet",
        "shop": "bakery"
      },
      "geometry": {
        "type": "Point",
        "coordinates": [
          74.3574054,
          31.473043
        ]
      },
      "id": "node/5133565166"
    },
    {
      "type": "Feature",
      "properties": {
        "@id": "node/5142456221",
        "amenity": "cafe",
        "name": "Hot n Spicy"
      },
      "geometry": {
        "type": "Point",
        "coordinates": [
          74.3966681,
          31.4817625
        ]
      },
      "id": "node/5142456221"
    },
    {
      "type": "Feature",
      "properties": {
        "@id": "node/5172841521",
        "addr:housenumber": "284",
        "addr:street": "abdali chock",
        "name": "cake's and bakes",
        "shop": "bakery"
      },
      "geometry": {
        "type": "Point",
        "coordinates": [
          74.2918188,
          31.5678007
        ]
      },
      "id": "node/5172841521"
    },
    {
      "type": "Feature",
      "properties": {
        "@id": "node/5183264823",
        "addr:block": "YMCA Building",
        "addr:city": "Lahore",
        "addr:locality": "Neela Gumbad",
        "addr:street": "MacLagan Road",
        "amenity": "cafe",
        "name": "Pak Tea House",
        "old_name": "India Tea House",
        "opening_hours": "Mo-Su 10:00-22:00",
        "website": "http://pakteahouse.net"
      },
      "geometry": {
        "type": "Point",
        "coordinates": [
          74.3118355,
          31.5675048
        ]
      },
      "id": "node/5183264823"
    },
    {
      "type": "Feature",
      "properties": {
        "@id": "node/5190390725",
        "amenity": "cafe",
        "brand": "گلوریا جینز",
        "brand:ar": "قلوريا جينز",
        "brand:ur": "گلوریا جینز",
        "brand:website": "https://gloriajeanscoffees.com.pk",
        "brand:wikidata": "Q2666365",
        "brand:wikipedia": "ar:قلوريا جينز كافيه",
        "brand:wikipedia:ar": "قلوريا جينز كافيه",
        "cuisine": "coffee_shop",
        "name": "گلوریا جینز",
        "name:ar": "قلوريا جينز",
        "name:en": "Gloria Jean's",
        "name:ur": "گلوریا جینز",
        "official_name": "گلوریا جینز کافیز",
        "official_name:ar": "قلوريا جينز كافيه",
        "official_name:ur": "گلوریا جینز کافیز",
        "shop": "coffee"
      },
      "geometry": {
        "type": "Point",
        "coordinates": [
          74.4239131,
          31.5402744
        ]
      },
      "id": "node/5190390725"
    },
    {
      "type": "Feature",
      "properties": {
        "@id": "node/5251520092",
        "addr:city": "Lahore",
        "addr:street": "MM Alam Road",
        "amenity": "restaurant",
        "name": "Johnny Rockets"
      },
      "geometry": {
        "type": "Point",
        "coordinates": [
          74.3503866,
          31.5083396
        ]
      },
      "id": "node/5251520092"
    },
    {
      "type": "Feature",
      "properties": {
        "@id": "node/5251520093",
        "addr:city": "Lahore",
        "addr:street": "MM Alam Road",
        "amenity": "fast_food",
        "cuisine": "burger",
        "name": "Fat Burger"
      },
      "geometry": {
        "type": "Point",
        "coordinates": [
          74.3497294,
          31.5084105
        ]
      },
      "id": "node/5251520093"
    },
    {
      "type": "Feature",
      "properties": {
        "@id": "node/5251520095",
        "addr:city": "Lahore",
        "addr:street": "MM Alam Road",
        "amenity": "fast_food",
        "cuisine": "burger",
        "name": "Burger Hub"
      },
      "geometry": {
        "type": "Point",
        "coordinates": [
          74.3498904,
          31.508662
        ]
      },
      "id": "node/5251520095"
    },
    {
      "type": "Feature",
      "properties": {
        "@id": "node/5251520096",
        "addr:city": "Lahore",
        "addr:street": "MM Alam Road",
        "amenity": "fast_food",
        "brand": "ڈومینوز",
        "brand:ar": "دومينوز",
        "brand:ks": "ڈومینوز",
        "brand:pa": "ਡੋਮੀਨੋਜ਼",
        "brand:ur": "ڈومینوز",
        "brand:website": "https://www.dominos.com.pk",
        "brand:wikidata": "Q839466",
        "brand:wikipedia": "ar:دومينوز بيتزا",
        "cuisine": "pizza",
        "name": "ڈومینوز",
        "name:ar": "دومينوز",
        "name:de": "Domino's",
        "name:en": "Domino's",
        "name:es": "Domino's",
        "name:ks": "ڈومینوز",
        "name:pa": "ਡੋਮੀਨੋਜ਼",
        "name:ur": "ڈومینوز"
      },
      "geometry": {
        "type": "Point",
        "coordinates": [
          74.3507135,
          31.5086328
        ]
      },
      "id": "node/5251520096"
    },
    {
      "type": "Feature",
      "properties": {
        "@id": "node/5251520097",
        "addr:city": "Lahore",
        "addr:street": "MM Alam Road",
        "amenity": "cafe",
        "cuisine": "regional",
        "name": "Freddys Cafe"
      },
      "geometry": {
        "type": "Point",
        "coordinates": [
          74.3500674,
          31.5092886
        ]
      },
      "id": "node/5251520097"
    },
    {
      "type": "Feature",
      "properties": {
        "@id": "node/5251520098",
        "addr:city": "Lahore",
        "addr:street": "MM Alam Road",
        "amenity": "fast_food",
        "cuisine": "french_fries;burger",
        "name": "OPTP"
      },
      "geometry": {
        "type": "Point",
        "coordinates": [
          74.3505888,
          31.5086616
        ]
      },
      "id": "node/5251520098"
    },
    {
      "type": "Feature",
      "properties": {
        "@id": "node/5251520100",
        "addr:city": "Lahore",
        "addr:street": "MM Alam Road",
        "amenity": "fast_food",
        "brand": "ہارڈیز",
        "brand:ar": "هارديز",
        "brand:ur": "ہارڈیز",
        "brand:wikidata": "Q1585088",
        "brand:wikipedia": "ur:ہارڈیز",
        "brand:wikipedia:ur": "ہارڈیز",
        "cuisine": "burger",
        "name": "ہارڈیز",
        "name:ar": "هارديز",
        "name:en": "Hardee's",
        "name:ur": "ہارڈیز",
        "takeaway": "yes"
      },
      "geometry": {
        "type": "Point",
        "coordinates": [
          74.3506655,
          31.5095173
        ]
      },
      "id": "node/5251520100"
    },
    {
      "type": "Feature",
      "properties": {
        "@id": "node/5251520102",
        "addr:city": "Lahore",
        "addr:street": "MM Alam Road",
        "amenity": "restaurant",
        "cuisine": "regional",
        "name": "Bombay Chowpatty"
      },
      "geometry": {
        "type": "Point",
        "coordinates": [
          74.3501743,
          31.5100336
        ]
      },
      "id": "node/5251520102"
    },
    {
      "type": "Feature",
      "properties": {
        "@id": "node/5251520103",
        "addr:city": "Lahore",
        "addr:street": "MM Alam Road",
        "amenity": "fast_food",
        "name": "Howdy"
      },
      "geometry": {
        "type": "Point",
        "coordinates": [
          74.3501918,
          31.5104129
        ]
      },
      "id": "node/5251520103"
    },
    {
      "type": "Feature",
      "properties": {
        "@id": "node/5251520106",
        "addr:city": "Lahore",
        "addr:street": "MM Alam Road",
        "amenity": "cafe",
        "name": "Cafe Page 102"
      },
      "geometry": {
        "type": "Point",
        "coordinates": [
          74.3507648,
          31.5102216
        ]
      },
      "id": "node/5251520106"
    },
    {
      "type": "Feature",
      "properties": {
        "@id": "node/5251520107",
        "addr:city": "Lahore",
        "addr:street": "MM Alam Road",
        "amenity": "restaurant",
        "cuisine": "regional",
        "name": "Salt and Pepper Village"
      },
      "geometry": {
        "type": "Point",
        "coordinates": [
          74.3508479,
          31.5104594
        ]
      },
      "id": "node/5251520107"
    },
    {
      "type": "Feature",
      "properties": {
        "@id": "node/5251520108",
        "amenity": "restaurant",
        "cuisine": "regional",
        "name": "گاؤں",
        "name:ar": "القرية",
        "name:en": "Village",
        "name:ur": "گاؤں"
      },
      "geometry": {
        "type": "Point",
        "coordinates": [
          74.350974,
          31.5106423
        ]
      },
      "id": "node/5251520108"
    },
    {
      "type": "Feature",
      "properties": {
        "@id": "node/5251520111",
        "addr:city": "Lahore",
        "addr:street": "MM Alam Road",
        "amenity": "fast_food",
        "brand": "مکڈونلڈز",
        "brand:ar": "مكدونالدز",
        "brand:de": "McDonald’s",
        "brand:en": "McDonald's",
        "brand:fa": "مکدونالدز",
        "brand:pnb": "میکڈونلڈز",
        "brand:ps": "مکډونالډز",
        "brand:ur": "مکڈونلڈز",
        "brand:wikidata": "Q38076",
        "brand:wikipedia": "ur:مکڈونلڈز",
        "brand:wikipedia:ar": "مكدونالدز",
        "brand:wikipedia:fa": "مکدونالدز",
        "brand:wikipedia:pnb": "میکڈونلڈز",
        "brand:wikipedia:ps": "مکډونالډز",
        "brand:wikipedia:ur": "مکڈونلڈز",
        "cuisine": "burger",
        "name": "مکڈونلڈز",
        "name:ar": "مكدونالدز",
        "name:de": "McDonald’s",
        "name:en": "McDonald's",
        "name:fa": "مکدونالدز",
        "name:pnb": "میکڈونلڈز",
        "name:ps": "مکډونالډز",
        "name:ur": "مکڈونلڈز",
        "takeaway": "yes"
      },
      "geometry": {
        "type": "Point",
        "coordinates": [
          74.3509445,
          31.5110059
        ]
      },
      "id": "node/5251520111"
    },
    {
      "type": "Feature",
      "properties": {
        "@id": "node/5251520113",
        "addr:city": "Lahore",
        "addr:street": "MM Alam Road",
        "amenity": "restaurant",
        "cuisine": "chinese",
        "name": "Xi Wang"
      },
      "geometry": {
        "type": "Point",
        "coordinates": [
          74.3503758,
          31.5113009
        ]
      },
      "id": "node/5251520113"
    },
    {
      "type": "Feature",
      "properties": {
        "@id": "node/5251522722",
        "addr:city": "لاہور",
        "amenity": "restaurant",
        "brand": "پیزا ہٹ",
        "brand:ar": "بيتزا هت",
        "brand:de": "Pizza Hut",
        "brand:en": "Pizza Hut",
        "brand:fa": "پیتزا هات",
        "brand:fr": "Pizza Hut",
        "brand:pa": "ਪੀਜ਼ਾ ਹੱਟ",
        "brand:pnb": "پزا ہٹ",
        "brand:ur": "پیزا ہٹ",
        "brand:wikidata": "Q191615",
        "brand:wikipedia": "ur:پیزا ہٹ",
        "cuisine": "pizza",
        "name": "پیزا ہٹ",
        "name:ar": "بيتزا هت",
        "name:de": "Pizza Hut",
        "name:en": "Pizza Hut",
        "name:fa": "پیتزا هات",
        "name:fr": "Pizza Hut",
        "name:pa": "ਪੀਜ਼ਾ ਹੱਟ",
        "name:pnb": "پزا ہٹ",
        "name:ur": "پیزا ہٹ"
      },
      "geometry": {
        "type": "Point",
        "coordinates": [
          74.3513978,
          31.5130822
        ]
      },
      "id": "node/5251522722"
    },
    {
      "type": "Feature",
      "properties": {
        "@id": "node/5251522725",
        "addr:city": "Lahore",
        "addr:street": "Ghalib Road",
        "name": "Gourmet Bakers & Sweets",
        "shop": "bakery"
      },
      "geometry": {
        "type": "Point",
        "coordinates": [
          74.3536964,
          31.512897
        ]
      },
      "id": "node/5251522725"
    },
    {
      "type": "Feature",
      "properties": {
        "@id": "node/5251896783",
        "addr:city": "Lahore",
        "addr:place": "DHA Phase 1",
        "addr:street": "Street 155 Sec M & L Ph 1",
        "name": "Cakes & Bakes",
        "shop": "bakery"
      },
      "geometry": {
        "type": "Point",
        "coordinates": [
          74.4026534,
          31.4811313
        ]
      },
      "id": "node/5251896783"
    },
    {
      "type": "Feature",
      "properties": {
        "@id": "node/5251896787",
        "addr:city": "Lahore",
        "addr:place": "DHA Phase 1",
        "addr:street": "Street 155 Sec M & L Ph 1",
        "amenity": "restaurant",
        "name": "Al Madina food and Naan Shop"
      },
      "geometry": {
        "type": "Point",
        "coordinates": [
          74.4030818,
          31.480727
        ]
      },
      "id": "node/5251896787"
    },
    {
      "type": "Feature",
      "properties": {
        "@id": "node/5251896798",
        "addr:city": "Lahore",
        "addr:street": "St 9 Sec q Ph 2",
        "amenity": "restaurant",
        "name": "Chatkhara360"
      },
      "geometry": {
        "type": "Point",
        "coordinates": [
          74.4098629,
          31.483643
        ]
      },
      "id": "node/5251896798"
    },
    {
      "type": "Feature",
      "properties": {
        "@id": "node/5251896810",
        "addr:city": "Lahore",
        "addr:street": "Bedian Road",
        "amenity": "cafe",
        "name": "YAHOO CAFÉ"
      },
      "geometry": {
        "type": "Point",
        "coordinates": [
          74.4126424,
          31.4868236
        ]
      },
      "id": "node/5251896810"
    },
    {
      "type": "Feature",
      "properties": {
        "@id": "node/5251896812",
        "addr:city": "Lahore",
        "addr:street": "Bedian Road",
        "amenity": "restaurant",
        "name": "Haji Restaurant & Naan Shop"
      },
      "geometry": {
        "type": "Point",
        "coordinates": [
          74.4142401,
          31.4863278
        ]
      },
      "id": "node/5251896812"
    },
    {
      "type": "Feature",
      "properties": {
        "@id": "node/5251896815",
        "addr:city": "Lahore",
        "addr:street": "Bedian Road",
        "amenity": "cafe",
        "name": "Students Cafe"
      },
      "geometry": {
        "type": "Point",
        "coordinates": [
          74.4163948,
          31.4855703
        ]
      },
      "id": "node/5251896815"
    },
    {
      "type": "Feature",
      "properties": {
        "@id": "node/5251896817",
        "addr:city": "Lahore",
        "addr:street": "St 166 Sec M Ph 1",
        "amenity": "restaurant",
        "name": "The Burger Joint"
      },
      "geometry": {
        "type": "Point",
        "coordinates": [
          74.4016917,
          31.4842764
        ]
      },
      "id": "node/5251896817"
    },
    {
      "type": "Feature",
      "properties": {
        "@id": "node/5252199610",
        "addr:city": "لاہور",
        "alt_name": "کینٹکی فرائیڈ چکن",
        "alt_name:fr": "PFK;Poulet Frit Kentucky",
        "alt_name:pa": "ਕੈਂਟੁਕੀ ਫ੍ਰਾਈਡ ਚਿਕਨ",
        "alt_name:pnb": "کینٹکی فرائیڈ چکن",
        "alt_name:ur": "کینٹکی فرائیڈ چکن",
        "amenity": "fast_food",
        "brand": "کینٹکی فرائیڈ چکن",
        "brand:ar": "دجاج كنتاكي",
        "brand:de": "KFC",
        "brand:en": "KFC",
        "brand:fa": "کی‌اف‌سی",
        "brand:pa": "ਕੇਐਫਸੀ",
        "brand:pnb": "کے ایف سی",
        "brand:ur": "کینٹکی فرائیڈ چکن",
        "brand:wikidata": "Q524757",
        "brand:wikipedia": "ur:کینٹکی فرائیڈ چکن",
        "cuisine": "chicken",
        "name": "کینٹکی فرائیڈ چکن",
        "name:ar": "دجاج كنتاكي",
        "name:de": "KFC",
        "name:en": "KFC",
        "name:fa": "کی‌اف‌سی",
        "name:pa": "ਕੇਐਫਸੀ",
        "name:pnb": "کے ایف سی",
        "name:ur": "کینٹکی فرائیڈ چکن",
        "takeaway": "yes"
      },
      "geometry": {
        "type": "Point",
        "coordinates": [
          74.3516499,
          31.5141729
        ]
      },
      "id": "node/5252199610"
    },
    {
      "type": "Feature",
      "properties": {
        "@id": "node/5252199611",
        "addr:city": "Lahore",
        "addr:street": "MM Alam Road",
        "name": "Kitchen Cuisine",
        "shop": "bakery"
      },
      "geometry": {
        "type": "Point",
        "coordinates": [
          74.3516901,
          31.5142758
        ]
      },
      "id": "node/5252199611"
    },
    {
      "type": "Feature",
      "properties": {
        "@id": "node/5252199612",
        "addr:city": "Lahore",
        "addr:street": "MM Alam Road",
        "amenity": "restaurant",
        "cuisine": "turkish",
        "name": "Nisa Sultan"
      },
      "geometry": {
        "type": "Point",
        "coordinates": [
          74.3511161,
          31.5139946
        ]
      },
      "id": "node/5252199612"
    },
    {
      "type": "Feature",
      "properties": {
        "@id": "node/5252199616",
        "addr:city": "Lahore",
        "addr:street": "MM Alam Road",
        "amenity": "restaurant",
        "name": "Pomelo Avenue"
      },
      "geometry": {
        "type": "Point",
        "coordinates": [
          74.3512798,
          31.5150807
        ]
      },
      "id": "node/5252199616"
    },
    {
      "type": "Feature",
      "properties": {
        "@id": "node/5252199618",
        "addr:city": "Lahore",
        "addr:street": "MM Alam Road",
        "amenity": "restaurant",
        "name": "Smoothie Factory"
      },
      "geometry": {
        "type": "Point",
        "coordinates": [
          74.3518886,
          31.5151448
        ]
      },
      "id": "node/5252199618"
    },
    {
      "type": "Feature",
      "properties": {
        "@id": "node/5252199620",
        "addr:city": "Lahore",
        "addr:street": "MM Alam Road",
        "amenity": "restaurant",
        "name": "Chaaye Khana"
      },
      "geometry": {
        "type": "Point",
        "coordinates": [
          74.3519557,
          31.5154626
        ]
      },
      "id": "node/5252199620"
    },
    {
      "type": "Feature",
      "properties": {
        "@id": "node/5252199926",
        "addr:city": "Lahore",
        "addr:street": "MM Alam Road",
        "amenity": "fast_food",
        "brand": "سب وے",
        "brand:ar": "صبوي",
        "brand:ur": "سب وے",
        "brand:website": "https://www.subway.com",
        "brand:wikidata": "Q244457",
        "brand:wikipedia": "ar:صب واي",
        "cuisine": "sandwich",
        "name": "سب وے",
        "name:ar": "صبوي",
        "name:de": "Subway",
        "name:en": "Subway",
        "name:es": "Subway",
        "name:ur": "سب وے"
      },
      "geometry": {
        "type": "Point",
        "coordinates": [
          74.3515828,
          31.5162583
        ]
      },
      "id": "node/5252199926"
    },
    {
      "type": "Feature",
      "properties": {
        "@id": "node/5252199927",
        "addr:city": "Lahore",
        "addr:street": "MM Alam Road",
        "amenity": "restaurant",
        "cuisine": "regional",
        "name": "Tabaq Restaurant"
      },
      "geometry": {
        "type": "Point",
        "coordinates": [
          74.3524438,
          31.5165281
        ]
      },
      "id": "node/5252199927"
    },
    {
      "type": "Feature",
      "properties": {
        "@id": "node/5252199931",
        "addr:city": "Lahore",
        "addr:street": "MM Alam Road",
        "amenity": "restaurant",
        "name": "Cafe Aylanto"
      },
      "geometry": {
        "type": "Point",
        "coordinates": [
          74.3518081,
          31.5168757
        ]
      },
      "id": "node/5252199931"
    },
    {
      "type": "Feature",
      "properties": {
        "@id": "node/5252199938",
        "addr:city": "Lahore",
        "addr:street": "MM Alam Road",
        "amenity": "restaurant",
        "name": "Spice Bazzar"
      },
      "geometry": {
        "type": "Point",
        "coordinates": [
          74.3526396,
          31.5187474
        ]
      },
      "id": "node/5252199938"
    },
    {
      "type": "Feature",
      "properties": {
        "@id": "node/5252199944",
        "addr:city": "Lahore",
        "addr:street": "MM Alam Road",
        "amenity": "restaurant",
        "cuisine": "italian",
        "name": "Tuscany Courtyard Lahore"
      },
      "geometry": {
        "type": "Point",
        "coordinates": [
          74.3513522,
          31.5196895
        ]
      },
      "id": "node/5252199944"
    },
    {
      "type": "Feature",
      "properties": {
        "@id": "node/5252199945",
        "addr:city": "Lahore",
        "addr:street": "MM Alam Road",
        "amenity": "fast_food",
        "name": "Wings"
      },
      "geometry": {
        "type": "Point",
        "coordinates": [
          74.3516901,
          31.5202643
        ]
      },
      "id": "node/5252199945"
    },
    {
      "type": "Feature",
      "properties": {
        "@id": "node/5252199946",
        "addr:city": "Lahore",
        "addr:street": "MM Alam Road",
        "amenity": "restaurant",
        "cuisine": "continental",
        "name": "Café Zouk"
      },
      "geometry": {
        "type": "Point",
        "coordinates": [
          74.3516633,
          31.5203649
        ]
      },
      "id": "node/5252199946"
    },
    {
      "type": "Feature",
      "properties": {
        "@id": "node/5252199947",
        "addr:city": "Lahore",
        "addr:street": "JavedIqbal Street",
        "amenity": "restaurant",
        "cuisine": "chinese",
        "name": "Taipei Chinese Restaurant"
      },
      "geometry": {
        "type": "Point",
        "coordinates": [
          74.3519959,
          31.5203374
        ]
      },
      "id": "node/5252199947"
    },
    {
      "type": "Feature",
      "properties": {
        "@id": "node/5252199948",
        "addr:city": "Lahore",
        "addr:street": "JavedIqbal Street",
        "amenity": "cafe"
      },
      "geometry": {
        "type": "Point",
        "coordinates": [
          74.3522202,
          31.520773
        ]
      },
      "id": "node/5252199948"
    },
    {
      "type": "Feature",
      "properties": {
        "@id": "node/5252199950",
        "addr:city": "Lahore",
        "addr:street": "JavedIqbal Street",
        "amenity": "restaurant"
      },
      "geometry": {
        "type": "Point",
        "coordinates": [
          74.3509203,
          31.5201582
        ]
      },
      "id": "node/5252199950"
    },
    {
      "type": "Feature",
      "properties": {
        "@id": "node/5252199953",
        "addr:city": "Lahore",
        "addr:street": "JavedIqbal Street",
        "amenity": "restaurant",
        "cuisine": "japanese",
        "name": "Sumo"
      },
      "geometry": {
        "type": "Point",
        "coordinates": [
          74.3500352,
          31.5199067
        ]
      },
      "id": "node/5252199953"
    },
    {
      "type": "Feature",
      "properties": {
        "@id": "node/5252199956",
        "addr:city": "Lahore",
        "addr:street": "Zahoor Elahi Road",
        "amenity": "ice_cream",
        "name": "Andersens Icecream"
      },
      "geometry": {
        "type": "Point",
        "coordinates": [
          74.3509069,
          31.5210028
        ]
      },
      "id": "node/5252199956"
    },
    {
      "type": "Feature",
      "properties": {
        "@id": "node/5252199959",
        "addr:city": "Lahore",
        "addr:street": "Zahoor Elahi Road",
        "amenity": "cafe",
        "name": "Sweet Affairs Bakery Cafe"
      },
      "geometry": {
        "type": "Point",
        "coordinates": [
          74.3491098,
          31.5213014
        ]
      },
      "id": "node/5252199959"
    },
    {
      "type": "Feature",
      "properties": {
        "@id": "node/5252199961",
        "addr:city": "Lahore",
        "addr:street": "Zahoor Elahi Road",
        "amenity": "restaurant",
        "name": "Veranda Bistro"
      },
      "geometry": {
        "type": "Point",
        "coordinates": [
          74.3486592,
          31.5204646
        ]
      },
      "id": "node/5252199961"
    },
    {
      "type": "Feature",
      "properties": {
        "@id": "node/5252199963",
        "addr:city": "Lahore",
        "addr:street": "Zahoor Elahi Road",
        "amenity": "restaurant",
        "cuisine": "chinese",
        "name": "Yum Chinese & Thai"
      },
      "geometry": {
        "type": "Point",
        "coordinates": [
          74.3487182,
          31.5214523
        ]
      },
      "id": "node/5252199963"
    },
    {
      "type": "Feature",
      "properties": {
        "@id": "node/5252199964",
        "addr:city": "Lahore",
        "addr:street": "Zahoor Elahi Road",
        "amenity": "cafe",
        "name": "English Tea House"
      },
      "geometry": {
        "type": "Point",
        "coordinates": [
          74.3488255,
          31.521713
        ]
      },
      "id": "node/5252199964"
    },
    {
      "type": "Feature",
      "properties": {
        "@id": "node/5252209234",
        "addr:city": "Lahore",
        "addr:street": "MM Alam Road",
        "amenity": "restaurant",
        "cuisine": "regional",
        "name": "Lahore Chatkhara"
      },
      "geometry": {
        "type": "Point",
        "coordinates": [
          74.3515051,
          31.521284
        ]
      },
      "id": "node/5252209234"
    },
    {
      "type": "Feature",
      "properties": {
        "@id": "node/5252209235",
        "addr:city": "Lahore",
        "addr:street": "MM Alam Road",
        "amenity": "fast_food",
        "cuisine": "burger",
        "name": "Burger Corner"
      },
      "geometry": {
        "type": "Point",
        "coordinates": [
          74.3514192,
          31.5213412
        ]
      },
      "id": "node/5252209235"
    },
    {
      "type": "Feature",
      "properties": {
        "@id": "node/5252209236",
        "addr:city": "Lahore",
        "addr:street": "MM Alam Road",
        "name": "Baba Bakers & Sweets",
        "shop": "bakery"
      },
      "geometry": {
        "type": "Point",
        "coordinates": [
          74.350982,
          31.5215881
        ]
      },
      "id": "node/5252209236"
    },
    {
      "type": "Feature",
      "properties": {
        "@id": "node/5252273288",
        "addr:city": "Lahore",
        "addr:street": "Sec H Comm. Ph 1",
        "amenity": "restaurant",
        "name": "Cock N Bull (Pizza & Steak House)"
      },
      "geometry": {
        "type": "Point",
        "coordinates": [
          74.3959226,
          31.4817238
        ]
      },
      "id": "node/5252273288"
    },
    {
      "type": "Feature",
      "properties": {
        "@id": "node/5253488155",
        "addr:city": "Lahore",
        "addr:street": "MM Alam Road",
        "amenity": "cafe",
        "name": "Arcadian Café"
      },
      "geometry": {
        "type": "Point",
        "coordinates": [
          74.3495417,
          31.5226637
        ]
      },
      "id": "node/5253488155"
    },
    {
      "type": "Feature",
      "properties": {
        "@id": "node/5253488156",
        "addr:city": "Lahore",
        "addr:street": "MM Alam Road",
        "amenity": "cafe",
        "name": "The Otus Rooftop"
      },
      "geometry": {
        "type": "Point",
        "coordinates": [
          74.3494585,
          31.5227369
        ]
      },
      "id": "node/5253488156"
    },
    {
      "type": "Feature",
      "properties": {
        "@id": "node/5254019301",
        "addr:city": "Lahore",
        "addr:street": "Gurumangat Road",
        "amenity": "restaurant",
        "cuisine": "regional",
        "name": "Memories Fort Restaurant"
      },
      "geometry": {
        "type": "Point",
        "coordinates": [
          74.3566898,
          31.5223839
        ]
      },
      "id": "node/5254019301"
    },
    {
      "type": "Feature",
      "properties": {
        "@id": "node/5254025275",
        "addr:city": "Lahore",
        "addr:street": "Gurumangat Road",
        "amenity": "restaurant",
        "name": "Sarhad Hotel"
      },
      "geometry": {
        "type": "Point",
        "coordinates": [
          74.3572638,
          31.521954
        ]
      },
      "id": "node/5254025275"
    },
    {
      "type": "Feature",
      "properties": {
        "@id": "node/5254025276",
        "addr:city": "Lahore",
        "addr:street": "College Road",
        "amenity": "restaurant",
        "cuisine": "chinese",
        "name": "Sichuan Chinese Restaurant"
      },
      "geometry": {
        "type": "Point",
        "coordinates": [
          74.3543187,
          31.5222467
        ]
      },
      "id": "node/5254025276"
    },
    {
      "type": "Feature",
      "properties": {
        "@id": "node/5254041727",
        "addr:city": "Lahore",
        "addr:street": "Qasuri Road",
        "amenity": "cafe",
        "name": "Cafe Nataliya"
      },
      "geometry": {
        "type": "Point",
        "coordinates": [
          74.3554023,
          31.524806
        ]
      },
      "id": "node/5254041727"
    },
    {
      "type": "Feature",
      "properties": {
        "@id": "node/5254181764",
        "addr:city": "Lahore",
        "addr:street": "Jail Road",
        "amenity": "restaurant",
        "name": "Shalimar Tower Restaurant"
      },
      "geometry": {
        "type": "Point",
        "coordinates": [
          74.3434579,
          31.5341905
        ]
      },
      "id": "node/5254181764"
    },
    {
      "type": "Feature",
      "properties": {
        "@id": "node/5255279606",
        "addr:city": "Lahore",
        "addr:street": "Ferozepur Road",
        "amenity": "restaurant",
        "name": "Naan Bun Paneer"
      },
      "geometry": {
        "type": "Point",
        "coordinates": [
          74.3280834,
          31.5142128
        ]
      },
      "id": "node/5255279606"
    },
    {
      "type": "Feature",
      "properties": {
        "@id": "node/5255424741",
        "addr:city": "Lahore",
        "addr:street": "Shami Road",
        "amenity": "cafe",
        "name": "Alamode Cafe"
      },
      "geometry": {
        "type": "Point",
        "coordinates": [
          74.371341,
          31.5382655
        ]
      },
      "id": "node/5255424741"
    },
    {
      "type": "Feature",
      "properties": {
        "@id": "node/5263722493",
        "addr:city": "Lahore",
        "addr:street": "Mall Road",
        "amenity": "restaurant",
        "name": "Nandos"
      },
      "geometry": {
        "type": "Point",
        "coordinates": [
          74.3623975,
          31.5337267
        ]
      },
      "id": "node/5263722493"
    },
    {
      "type": "Feature",
      "properties": {
        "@id": "node/5263722494",
        "addr:city": "لاہور",
        "addr:street": "مال روڈ",
        "amenity": "restaurant",
        "brand": "پیزا ہٹ",
        "brand:ar": "بيتزا هت",
        "brand:en": "Pizza Hut",
        "brand:fa": "پیتزا هات",
        "brand:pnb": "پزا ہٹ",
        "brand:ur": "پیزا ہٹ",
        "brand:wikidata": "Q191615",
        "brand:wikipedia": "ur:پیزا ہٹ",
        "brand:wikipedia:ar": "بيتزا هت",
        "brand:wikipedia:fa": "پیتزا هات",
        "brand:wikipedia:pnb": "پزا ہٹ",
        "brand:wikipedia:ur": "پیزا ہٹ",
        "cuisine": "pizza",
        "name": "پیزا ہٹ",
        "name:ar": "بيتزا هت",
        "name:en": "Pizza Hut",
        "name:fa": "پیتزا هات",
        "name:pnb": "پزا ہٹ",
        "name:ur": "پیزا ہٹ"
      },
      "geometry": {
        "type": "Point",
        "coordinates": [
          74.3639801,
          31.5334249
        ]
      },
      "id": "node/5263722494"
    },
    {
      "type": "Feature",
      "properties": {
        "@id": "node/5267980933",
        "addr:city": "Lahore",
        "addr:street": "Abdul Haq Road",
        "amenity": "restaurant",
        "cuisine": "regional",
        "name": "Bundu Khan - Emporium Mall"
      },
      "geometry": {
        "type": "Point",
        "coordinates": [
          74.2651405,
          31.4676748
        ]
      },
      "id": "node/5267980933"
    },
    {
      "type": "Feature",
      "properties": {
        "@id": "node/5267980935",
        "addr:city": "Lahore",
        "addr:street": "Abdul Haq Road",
        "amenity": "cafe",
        "name": "Mocca Coffee"
      },
      "geometry": {
        "type": "Point",
        "coordinates": [
          74.2653876,
          31.4677331
        ]
      },
      "id": "node/5267980935"
    },
    {
      "type": "Feature",
      "properties": {
        "@id": "node/5267980936",
        "addr:city": "Lahore",
        "addr:street": "Abdul Haq Road",
        "amenity": "fast_food",
        "name": "Juiceland - Emporium Mall"
      },
      "geometry": {
        "type": "Point",
        "coordinates": [
          74.2664428,
          31.468128
        ]
      },
      "id": "node/5267980936"
    },
    {
      "type": "Feature",
      "properties": {
        "@id": "node/5267980937",
        "addr:city": "Lahore",
        "addr:street": "Abdul Haq Road",
        "amenity": "ice_cream",
        "name": "Magnum Ice Cream - Emporium Mall"
      },
      "geometry": {
        "type": "Point",
        "coordinates": [
          74.2661934,
          31.4680715
        ]
      },
      "id": "node/5267980937"
    },
    {
      "type": "Feature",
      "properties": {
        "@id": "node/5267980938",
        "addr:city": "Lahore",
        "addr:street": "Abdul Haq Road",
        "amenity": "fast_food",
        "cuisine": "chicken",
        "name": "KFC - Emporium Mall"
      },
      "geometry": {
        "type": "Point",
        "coordinates": [
          74.2660995,
          31.467901
        ]
      },
      "id": "node/5267980938"
    },
    {
      "type": "Feature",
      "properties": {
        "@id": "node/5267980939",
        "addr:city": "Lahore",
        "addr:street": "Abdul Haq Road",
        "amenity": "restaurant",
        "name": "Simply Sufi Express - Emporium Mall"
      },
      "geometry": {
        "type": "Point",
        "coordinates": [
          74.2666314,
          31.4680264
        ]
      },
      "id": "node/5267980939"
    },
    {
      "type": "Feature",
      "properties": {
        "@id": "node/5267980940",
        "addr:city": "Lahore",
        "addr:street": "Abdul Haq Road",
        "amenity": "fast_food",
        "name": "Chachajee - Emporium Mall"
      },
      "geometry": {
        "type": "Point",
        "coordinates": [
          74.265875,
          31.467848
        ]
      },
      "id": "node/5267980940"
    },
    {
      "type": "Feature",
      "properties": {
        "@id": "node/5267980941",
        "addr:city": "Lahore",
        "addr:street": "Abdul Haq Road",
        "amenity": "cafe",
        "name": "Second Cup - Emporium Mall"
      },
      "geometry": {
        "type": "Point",
        "coordinates": [
          74.2649418,
          31.467628
        ]
      },
      "id": "node/5267980941"
    },
    {
      "type": "Feature",
      "properties": {
        "@id": "node/5267980942",
        "addr:city": "Lahore",
        "addr:street": "Abdul Haq Road",
        "amenity": "restaurant",
        "name": "The Kebab Shop - Emporium Mall"
      },
      "geometry": {
        "type": "Point",
        "coordinates": [
          74.2655265,
          31.4679203
        ]
      },
      "id": "node/5267980942"
    },
    {
      "type": "Feature",
      "properties": {
        "@id": "node/5267980944",
        "addr:city": "Lahore",
        "addr:street": "Abdul Haq Road",
        "amenity": "fast_food",
        "brand": "مکڈونلڈز",
        "brand:ar": "مكدونالدز",
        "brand:de": "McDonald’s",
        "brand:en": "McDonald's",
        "brand:fa": "مکدونالدز",
        "brand:pnb": "میکڈونلڈز",
        "brand:ps": "مکډونالډز",
        "brand:ur": "مکڈونلڈز",
        "brand:wikidata": "Q38076",
        "brand:wikipedia": "ur:مکڈونلڈز",
        "brand:wikipedia:ar": "مكدونالدز",
        "brand:wikipedia:fa": "مکدونالدز",
        "brand:wikipedia:pnb": "میکڈونلڈز",
        "brand:wikipedia:ps": "مکډونالډز",
        "brand:wikipedia:ur": "مکڈونلڈز",
        "name": "مکڈونلڈز",
        "name:ar": "مكدونالدز",
        "name:de": "McDonald’s",
        "name:en": "McDonald's",
        "name:fa": "مکدونالدز",
        "name:pnb": "میکڈونلڈز",
        "name:ps": "مکډونالډز",
        "name:ur": "مکڈونلڈز"
      },
      "geometry": {
        "type": "Point",
        "coordinates": [
          74.2657606,
          31.4679734
        ]
      },
      "id": "node/5267980944"
    },
    {
      "type": "Feature",
      "properties": {
        "@id": "node/5267980946",
        "addr:city": "Lahore",
        "addr:street": "Abdul Haq Road",
        "amenity": "restaurant",
        "name": "Cone Heads - Emporium Mall"
      },
      "geometry": {
        "type": "Point",
        "coordinates": [
          74.2658858,
          31.4680017
        ]
      },
      "id": "node/5267980946"
    },
    {
      "type": "Feature",
      "properties": {
        "@id": "node/5267980949",
        "addr:city": "Lahore",
        "addr:street": "Abdul Haq Road",
        "amenity": "restaurant",
        "name": "Platter Junction - Emporium Mall"
      },
      "geometry": {
        "type": "Point",
        "coordinates": [
          74.2654086,
          31.4678936
        ]
      },
      "id": "node/5267980949"
    },
    {
      "type": "Feature",
      "properties": {
        "@id": "node/5267980950",
        "addr:city": "Lahore",
        "addr:street": "Abdul Haq Road",
        "amenity": "restaurant",
        "name": "Arcadian Cafe Signature - Emporium Mall"
      },
      "geometry": {
        "type": "Point",
        "coordinates": [
          74.2646937,
          31.4677334
        ]
      },
      "id": "node/5267980950"
    },
    {
      "type": "Feature",
      "properties": {
        "@id": "node/5267980951",
        "addr:city": "Lahore",
        "addr:street": "Abdul Haq Road",
        "amenity": "ice_cream",
        "name": "Ice Curl - Emporium Mall"
      },
      "geometry": {
        "type": "Point",
        "coordinates": [
          74.2645377,
          31.4676982
        ]
      },
      "id": "node/5267980951"
    },
    {
      "type": "Feature",
      "properties": {
        "@id": "node/5267980952",
        "amenity": "fast_food",
        "brand": "برگر کنگ",
        "brand:wikidata": "Q177054",
        "brand:wikipedia": "ur:برگر کنگ",
        "name": "برگر کنگ",
        "name:ar": "برجر كنج",
        "name:de": "Burger King",
        "name:en": "Burger King",
        "name:ks": "برغر كينغ",
        "name:pnb": "برگر کنگ",
        "name:ps": "برګر کنگ",
        "name:sd": "برگر بادشاھ",
        "name:ur": "برگر کنگ"
      },
      "geometry": {
        "type": "Point",
        "coordinates": [
          74.2649819,
          31.4677985
        ]
      },
      "id": "node/5267980952"
    },
    {
      "type": "Feature",
      "properties": {
        "@id": "node/5271802177",
        "addr:city": "Lahore",
        "addr:street": "Mian Mehmood Ali Road",
        "amenity": "restaurant",
        "brand": "Nando's",
        "brand:wikidata": "Q3472954",
        "brand:wikipedia": "en:Nando's",
        "cuisine": "chicken;portuguese",
        "name": "Nando's"
      },
      "geometry": {
        "type": "Point",
        "coordinates": [
          74.3550346,
          31.5074024
        ]
      },
      "id": "node/5271802177"
    },
    {
      "type": "Feature",
      "properties": {
        "@id": "node/5271810941",
        "addr:city": "Lahore",
        "addr:street": "Mian Mehmood Ali Road",
        "amenity": "cafe",
        "name": "Coffee Tea & Company"
      },
      "geometry": {
        "type": "Point",
        "coordinates": [
          74.3542245,
          31.5070114
        ]
      },
      "id": "node/5271810941"
    },
    {
      "type": "Feature",
      "properties": {
        "@id": "node/5271810942",
        "addr:city": "Lahore",
        "addr:street": "Mian Mehmood Ali Road",
        "amenity": "fast_food",
        "brand": "Cinnabon",
        "brand:wikidata": "Q1092539",
        "brand:wikipedia": "en:Cinnabon",
        "cuisine": "dessert",
        "name": "Cinnabon",
        "takeaway": "yes"
      },
      "geometry": {
        "type": "Point",
        "coordinates": [
          74.3534708,
          31.5070434
        ]
      },
      "id": "node/5271810942"
    },
    {
      "type": "Feature",
      "properties": {
        "@id": "node/5271810943",
        "addr:city": "Lahore",
        "addr:street": "Mian Mehmood Ali Road",
        "amenity": "cafe",
        "name": "Chaye Kada"
      },
      "geometry": {
        "type": "Point",
        "coordinates": [
          74.3533099,
          31.5069725
        ]
      },
      "id": "node/5271810943"
    },
    {
      "type": "Feature",
      "properties": {
        "@id": "node/5271810944",
        "addr:city": "Lahore",
        "addr:street": "Mian Mehmood Ali Road",
        "name": "Bundu Khan Bakers & Sweets",
        "shop": "bakery"
      },
      "geometry": {
        "type": "Point",
        "coordinates": [
          74.3550507,
          31.5069519
        ]
      },
      "id": "node/5271810944"
    },
    {
      "type": "Feature",
      "properties": {
        "@id": "node/5271810946",
        "addr:city": "Lahore",
        "addr:street": "Mian Mehmood Ali Road",
        "amenity": "restaurant",
        "name": "Galitos Flame Grilled Chicken"
      },
      "geometry": {
        "type": "Point",
        "coordinates": [
          74.3554235,
          31.5069245
        ]
      },
      "id": "node/5271810946"
    },
    {
      "type": "Feature",
      "properties": {
        "@id": "node/5271810947",
        "addr:city": "Lahore",
        "addr:street": "Mian Mehmood Ali Road",
        "amenity": "restaurant",
        "name": "Bar.B.Q. Tonight"
      },
      "geometry": {
        "type": "Point",
        "coordinates": [
          74.3556515,
          31.5068605
        ]
      },
      "id": "node/5271810947"
    },
    {
      "type": "Feature",
      "properties": {
        "@id": "node/5271827994",
        "addr:city": "Lahore",
        "addr:street": "Mian Mehmood Ali Road",
        "amenity": "restaurant",
        "name": "China Town"
      },
      "geometry": {
        "type": "Point",
        "coordinates": [
          74.3565741,
          31.5068536
        ]
      },
      "id": "node/5271827994"
    },
    {
      "type": "Feature",
      "properties": {
        "@id": "node/5271827995",
        "addr:city": "Lahore",
        "addr:street": "Mian Mehmood Ali Road",
        "amenity": "ice_cream",
        "name": "Marble Slab Creamery Pakistan"
      },
      "geometry": {
        "type": "Point",
        "coordinates": [
          74.3568263,
          31.5067804
        ]
      },
      "id": "node/5271827995"
    },
    {
      "type": "Feature",
      "properties": {
        "@id": "node/5271834210",
        "addr:city": "Lahore",
        "addr:street": "Mian Mehmood Ali Road",
        "amenity": "restaurant",
        "name": "Tierra Nuestra"
      },
      "geometry": {
        "type": "Point",
        "coordinates": [
          74.3565125,
          31.5073567
        ]
      },
      "id": "node/5271834210"
    },
    {
      "type": "Feature",
      "properties": {
        "@id": "node/5271834211",
        "addr:city": "Lahore",
        "addr:street": "Mian Mehmood Ali Road",
        "amenity": "restaurant",
        "name": "Udon House"
      },
      "geometry": {
        "type": "Point",
        "coordinates": [
          74.3544981,
          31.5076197
        ]
      },
      "id": "node/5271834211"
    },
    {
      "type": "Feature",
      "properties": {
        "@id": "node/5271834212",
        "addr:city": "Lahore",
        "addr:street": "Mian Mehmood Ali Road",
        "amenity": "cafe",
        "brand": "گلوریا جینز",
        "brand:ar": "قلوريا جينز",
        "brand:ur": "گلوریا جینز",
        "brand:website": "https://gloriajeanscoffees.com.pk",
        "brand:wikidata": "Q2666365",
        "brand:wikipedia": "ar:قلوريا جينز كافيه",
        "brand:wikipedia:ar": "قلوريا جينز كافيه",
        "cuisine": "coffee_shop",
        "name": "گلوریا جینز",
        "name:ar": "قلوريا جينز",
        "name:en": "Gloria Jean's",
        "name:ur": "گلوریا جینز",
        "official_name": "گلوریا جینز کافیز",
        "official_name:ar": "قلوريا جينز كافيه",
        "official_name:ur": "گلوریا جینز کافیز",
        "shop": "coffee",
        "takeaway": "yes"
      },
      "geometry": {
        "type": "Point",
        "coordinates": [
          74.3537069,
          31.5074825
        ]
      },
      "id": "node/5271834212"
    },
    {
      "type": "Feature",
      "properties": {
        "@id": "node/5271843720",
        "addr:city": "Lahore",
        "addr:street": "Mian Mehmood Ali Road",
        "amenity": "cafe",
        "name": "Cafe Costa"
      },
      "geometry": {
        "type": "Point",
        "coordinates": [
          74.3507457,
          31.5071532
        ]
      },
      "id": "node/5271843720"
    },
    {
      "type": "Feature",
      "properties": {
        "@id": "node/5271844121",
        "addr:city": "Lahore",
        "addr:street": "Mian Mehmood Ali Road",
        "amenity": "cafe",
        "name": "Café Barbera"
      },
      "geometry": {
        "type": "Point",
        "coordinates": [
          74.3506143,
          31.507176
        ]
      },
      "id": "node/5271844121"
    },
    {
      "type": "Feature",
      "properties": {
        "@id": "node/5271844122",
        "addr:city": "Lahore",
        "addr:street": "MM Alam Road",
        "amenity": "cafe",
        "name": "The Chocolate Room"
      },
      "geometry": {
        "type": "Point",
        "coordinates": [
          74.3499464,
          31.506785
        ]
      },
      "id": "node/5271844122"
    },
    {
      "type": "Feature",
      "properties": {
        "@id": "node/5271844123",
        "addr:city": "Lahore",
        "addr:street": "MM Alam Road",
        "amenity": "restaurant",
        "name": "Thai Express Way"
      },
      "geometry": {
        "type": "Point",
        "coordinates": [
          74.3497855,
          31.5060761
        ]
      },
      "id": "node/5271844123"
    },
    {
      "type": "Feature",
      "properties": {
        "@id": "node/5273136274",
        "addr:city": "Lahore",
        "addr:street": "Tufail Road",
        "amenity": "restaurant",
        "name": "Bombay Chowpatty - Mall Of Lahore"
      },
      "geometry": {
        "type": "Point",
        "coordinates": [
          74.3788234,
          31.5292495
        ]
      },
      "id": "node/5273136274"
    },
    {
      "type": "Feature",
      "properties": {
        "@id": "node/5273136278",
        "addr:city": "Lahore",
        "addr:street": "Sarwar Road",
        "amenity": "restaurant",
        "name": "Nasib Biryani"
      },
      "geometry": {
        "type": "Point",
        "coordinates": [
          74.3767715,
          31.5293341
        ]
      },
      "id": "node/5273136278"
    },
    {
      "type": "Feature",
      "properties": {
        "@id": "node/5273136279",
        "addr:city": "لاہور",
        "addr:street": "سرور روڈ",
        "amenity": "cafe",
        "name": "امین کیفے",
        "name:en": "Ameen Cafe",
        "name:ur": "امین کیفے"
      },
      "geometry": {
        "type": "Point",
        "coordinates": [
          74.3767661,
          31.529261
        ]
      },
      "id": "node/5273136279"
    },
    {
      "type": "Feature",
      "properties": {
        "@id": "node/5273226553",
        "addr:city": "Lahore",
        "addr:street": "Main Boulevard Allama Iqbal Town",
        "amenity": "restaurant",
        "name": "Karachi Master Biryani"
      },
      "geometry": {
        "type": "Point",
        "coordinates": [
          74.2913354,
          31.5198308
        ]
      },
      "id": "node/5273226553"
    },
    {
      "type": "Feature",
      "properties": {
        "@id": "node/5273344635",
        "addr:city": "Lahore",
        "addr:street": "Chaudhry Anwar Ali Road",
        "name": "Gourmet Foods",
        "shop": "bakery"
      },
      "geometry": {
        "type": "Point",
        "coordinates": [
          74.3139791,
          31.5113375
        ]
      },
      "id": "node/5273344635"
    },
    {
      "type": "Feature",
      "properties": {
        "@id": "node/5273441375",
        "addr:city": "Lahore",
        "addr:street": "Main Boulevard - Sabzazar Road",
        "amenity": "marketplace;fast_food",
        "name": "Liaqat Chowk Market;Gourmet Bakers;Doce Bakers & Sweets",
        "shop": "bakery"
      },
      "geometry": {
        "type": "Point",
        "coordinates": [
          74.2697414,
          31.5209556
        ]
      },
      "id": "node/5273441375"
    },
    {
      "type": "Feature",
      "properties": {
        "@id": "node/5273537824",
        "addr:city": "Lahore",
        "addr:street": "Brandreth Road",
        "amenity": "cafe",
        "name": "Royal City Hotel"
      },
      "geometry": {
        "type": "Point",
        "coordinates": [
          74.3339978,
          31.5755359
        ]
      },
      "id": "node/5273537824"
    },
    {
      "type": "Feature",
      "properties": {
        "@id": "node/5273537828",
        "addr:city": "Lahore",
        "addr:street": "Allama Iqbal Road",
        "amenity": "restaurant",
        "name": "Locanta Restautant"
      },
      "geometry": {
        "type": "Point",
        "coordinates": [
          74.3364734,
          31.5749211
        ]
      },
      "id": "node/5273537828"
    },
    {
      "type": "Feature",
      "properties": {
        "@id": "node/5273583558",
        "addr:city": "Lahore",
        "addr:street": "Egerton Road",
        "amenity": "restaurant",
        "name": "Koyla Restaurant"
      },
      "geometry": {
        "type": "Point",
        "coordinates": [
          74.3295923,
          31.561507
        ]
      },
      "id": "node/5273583558"
    },
    {
      "type": "Feature",
      "properties": {
        "@id": "node/5273617270",
        "addr:city": "Lahore",
        "addr:street": "Airport Road",
        "amenity": "restaurant",
        "name": "Kitchen Cuisine"
      },
      "geometry": {
        "type": "Point",
        "coordinates": [
          74.4210605,
          31.4987506
        ]
      },
      "id": "node/5273617270"
    },
    {
      "type": "Feature",
      "properties": {
        "@id": "node/5276934835",
        "addr:city": "Lahore",
        "addr:street": "Ali Zaib Road",
        "amenity": "restaurant",
        "name": "SAM Restaurant"
      },
      "geometry": {
        "type": "Point",
        "coordinates": [
          74.3490214,
          31.5024263
        ]
      },
      "id": "node/5276934835"
    },
    {
      "type": "Feature",
      "properties": {
        "@id": "node/5277167709",
        "addr:city": "Lahore",
        "addr:street": "Main Boulevard Gulberg",
        "amenity": "restaurant",
        "cuisine": "thai",
        "name": "Bamboo Union"
      },
      "geometry": {
        "type": "Point",
        "coordinates": [
          74.3460743,
          31.5189894
        ]
      },
      "id": "node/5277167709"
    },
    {
      "type": "Feature",
      "properties": {
        "@id": "node/5282715904",
        "addr:city": "Lahore",
        "addr:country": "PK",
        "addr:postcode": "54660",
        "addr:street": "MM Alam Road",
        "amenity": "restaurant",
        "name": "Patakha Express",
        "website": "www.patakhaexpress.com"
      },
      "geometry": {
        "type": "Point",
        "coordinates": [
          74.3509137,
          31.5089108
        ]
      },
      "id": "node/5282715904"
    },
    {
      "type": "Feature",
      "properties": {
        "@id": "node/5371177376",
        "addr:city": "Lahore",
        "addr:country": "PK",
        "addr:housenumber": "30",
        "addr:place": "Civic Center",
        "addr:state": "Punjab",
        "amenity": "restaurant",
        "cuisine": "pizza",
        "facebook": "https://b-m.facebook.com/Wonder-Pizza-751389118281382/?ref=page_internal&mt_nav=1",
        "name": "Wonder Pizza"
      },
      "geometry": {
        "type": "Point",
        "coordinates": [
          74.2884251,
          31.4626255
        ]
      },
      "id": "node/5371177376"
    },
    {
      "type": "Feature",
      "properties": {
        "@id": "node/5463483926",
        "amenity": "restaurant",
        "name": "Manzoor PC Hotel"
      },
      "geometry": {
        "type": "Point",
        "coordinates": [
          74.3027019,
          31.5047769
        ]
      },
      "id": "node/5463483926"
    },
    {
      "type": "Feature",
      "properties": {
        "@id": "node/5510293627",
        "amenity": "fast_food",
        "name": "Al-Noor Fast Food",
        "phone": "03311141541"
      },
      "geometry": {
        "type": "Point",
        "coordinates": [
          74.1902308,
          31.3896084
        ]
      },
      "id": "node/5510293627"
    },
    {
      "type": "Feature",
      "properties": {
        "@id": "node/5510293722",
        "addr:street": "Liaqat Ali Khan Avenue",
        "amenity": "fast_food",
        "brand": "مکڈونلڈز",
        "brand:ar": "مكدونالدز",
        "brand:de": "McDonald’s",
        "brand:en": "McDonald's",
        "brand:fa": "مکدونالدز",
        "brand:pnb": "میکڈونلڈز",
        "brand:ps": "مکډونالډز",
        "brand:ur": "مکڈونلڈز",
        "brand:wikidata": "Q38076",
        "brand:wikipedia": "ur:مکڈونلڈز",
        "brand:wikipedia:ar": "مكدونالدز",
        "brand:wikipedia:fa": "مکدونالدز",
        "brand:wikipedia:pnb": "میکڈونلڈز",
        "brand:wikipedia:ps": "مکډونالډز",
        "brand:wikipedia:ur": "مکڈونلڈز",
        "cuisine": "burger",
        "name": "مکڈونلڈز",
        "name:ar": "مكدونالدز",
        "name:de": "McDonald’s",
        "name:en": "McDonald's",
        "name:fa": "مکدونالدز",
        "name:pnb": "میکڈونلڈز",
        "name:ps": "مکډونالډز",
        "name:ur": "مکڈونلڈز",
        "takeaway": "yes"
      },
      "geometry": {
        "type": "Point",
        "coordinates": [
          74.1780962,
          31.3744053
        ]
      },
      "id": "node/5510293722"
    },
    {
      "type": "Feature",
      "properties": {
        "@id": "node/5510293824",
        "addr:street": "PIA Main Blvd",
        "name": "Butt Sweets",
        "shop": "bakery"
      },
      "geometry": {
        "type": "Point",
        "coordinates": [
          74.2772313,
          31.4435525
        ]
      },
      "id": "node/5510293824"
    },
    {
      "type": "Feature",
      "properties": {
        "@id": "node/5510293922",
        "amenity": "restaurant",
        "name": "Ravi Restaurant"
      },
      "geometry": {
        "type": "Point",
        "coordinates": [
          74.184924,
          31.3750752
        ]
      },
      "id": "node/5510293922"
    },
    {
      "type": "Feature",
      "properties": {
        "@id": "node/5510293927",
        "addr:street": "PIA Main Blvd",
        "amenity": "restaurant",
        "name": "Karachi Silver Spoon"
      },
      "geometry": {
        "type": "Point",
        "coordinates": [
          74.2789206,
          31.4444681
        ]
      },
      "id": "node/5510293927"
    },
    {
      "type": "Feature",
      "properties": {
        "@id": "node/5591206976",
        "amenity": "food_court",
        "description": "You can get roti, nan, salan, chiken etc.",
        "name": "Tandoor"
      },
      "geometry": {
        "type": "Point",
        "coordinates": [
          74.2280969,
          31.454642
        ]
      },
      "id": "node/5591206976"
    },
    {
      "type": "Feature",
      "properties": {
        "@id": "node/5609006321",
        "amenity": "cafe",
        "name": "wapda town"
      },
      "geometry": {
        "type": "Point",
        "coordinates": [
          74.2728764,
          31.4394132
        ]
      },
      "id": "node/5609006321"
    },
    {
      "type": "Feature",
      "properties": {
        "@id": "node/5611908132",
        "addr:city": "Lahore",
        "addr:country": "PK",
        "addr:housenumber": "120-D",
        "addr:place": "Faisal Town",
        "addr:state": "Punjab",
        "amenity": "cafe",
        "facebook": "https://www.facebook.com/Peerus.Cafe/",
        "name": "Perru's Cafe"
      },
      "geometry": {
        "type": "Point",
        "coordinates": [
          74.3052175,
          31.4836246
        ]
      },
      "id": "node/5611908132"
    },
    {
      "type": "Feature",
      "properties": {
        "@id": "node/5613320322",
        "addr:city": "Lahore",
        "addr:housenumber": "177",
        "addr:postcode": "54600",
        "addr:street": "Karim Blk",
        "amenity": "bar",
        "email": "Rangila.lhr@gmail.com",
        "name": "Rangila",
        "opening_hours": "Mo-Sa 17:00-01:00",
        "operator": "Chaudhary M Kashef",
        "outdoor_seating": "yes",
        "payment:cash": "yes",
        "phone": "+923224336313",
        "smoking": "outside",
        "start_date": "20 May 2018"
      },
      "geometry": {
        "type": "Point",
        "coordinates": [
          74.2801433,
          31.5034792
        ]
      },
      "id": "node/5613320322"
    },
    {
      "type": "Feature",
      "properties": {
        "@id": "node/5616801221",
        "addr:housenumber": "28",
        "addr:street": "Davis Road",
        "amenity": "restaurant",
        "name": "Shahjahan"
      },
      "geometry": {
        "type": "Point",
        "coordinates": [
          74.3387717,
          31.5584767
        ]
      },
      "id": "node/5616801221"
    },
    {
      "type": "Feature",
      "properties": {
        "@id": "node/5618281575",
        "name": "Malmo",
        "shop": "bakery"
      },
      "geometry": {
        "type": "Point",
        "coordinates": [
          74.3192196,
          31.5393791
        ]
      },
      "id": "node/5618281575"
    },
    {
      "type": "Feature",
      "properties": {
        "@id": "node/5627456723",
        "amenity": "cafe",
        "name": "makko"
      },
      "geometry": {
        "type": "Point",
        "coordinates": [
          74.2529701,
          31.3749227
        ]
      },
      "id": "node/5627456723"
    },
    {
      "type": "Feature",
      "properties": {
        "@id": "node/5628590124",
        "name": "Cakes & Bakes",
        "shop": "bakery"
      },
      "geometry": {
        "type": "Point",
        "coordinates": [
          74.2713421,
          31.4372817
        ]
      },
      "id": "node/5628590124"
    },
    {
      "type": "Feature",
      "properties": {
        "@id": "node/5639168421",
        "addr:housenumber": "10",
        "addr:postcode": "54000",
        "addr:street": "Siraj Park road shahdara town",
        "amenity": "restaurant",
        "name": "kuku khoya chanay",
        "opening_hours": "Mo-Su 06:20-15:00",
        "operator": "Nasir"
      },
      "geometry": {
        "type": "Point",
        "coordinates": [
          74.2953031,
          31.6277978
        ]
      },
      "id": "node/5639168421"
    },
    {
      "type": "Feature",
      "properties": {
        "@id": "node/5793097159",
        "amenity": "restaurant",
        "name": "Waqas Biryani"
      },
      "geometry": {
        "type": "Point",
        "coordinates": [
          74.3207201,
          31.5643017
        ]
      },
      "id": "node/5793097159"
    },
    {
      "type": "Feature",
      "properties": {
        "@id": "node/5866384196",
        "amenity": "restaurant",
        "cuisine": "chinese",
        "name": "Lung Fung Chinese"
      },
      "geometry": {
        "type": "Point",
        "coordinates": [
          74.3321317,
          31.5595596
        ]
      },
      "id": "node/5866384196"
    },
    {
      "type": "Feature",
      "properties": {
        "@id": "node/6003177129",
        "addr:city": "Lahore",
        "addr:housenumber": "Peco Rd, Sector A1 Sector A 1 Township, Lahore, Punjab 54600",
        "addr:postcode": "54000",
        "amenity": "restaurant",
        "name": "Event Complex"
      },
      "geometry": {
        "type": "Point",
        "coordinates": [
          74.3199518,
          31.4622346
        ]
      },
      "id": "node/6003177129"
    },
    {
      "type": "Feature",
      "properties": {
        "@id": "node/6104228785",
        "amenity": "bar",
        "name": "Nescom RestHouse Lahore"
      },
      "geometry": {
        "type": "Point",
        "coordinates": [
          74.3165117,
          31.4920997
        ]
      },
      "id": "node/6104228785"
    },
    {
      "type": "Feature",
      "properties": {
        "@id": "node/6124863685",
        "amenity": "cafe",
        "name": "Yaku tea stall"
      },
      "geometry": {
        "type": "Point",
        "coordinates": [
          74.3152585,
          31.5531309
        ]
      },
      "id": "node/6124863685"
    },
    {
      "type": "Feature",
      "properties": {
        "@id": "node/6130904085",
        "amenity": "restaurant",
        "name": "Butt Karahi"
      },
      "geometry": {
        "type": "Point",
        "coordinates": [
          74.3326843,
          31.5123047
        ]
      },
      "id": "node/6130904085"
    },
    {
      "type": "Feature",
      "properties": {
        "@id": "node/6164355885",
        "amenity": "restaurant",
        "cuisine": "american;asian;burger;breakfast;italian_pizza;coffee_shop;pasta;pizza;regional;fish_and_chips;sandwich;tea",
        "diet:vegetarian": "yes",
        "internet_access": "wlan",
        "name": "Meat the cheese",
        "name:ru": "Мясосырня"
      },
      "geometry": {
        "type": "Point",
        "coordinates": [
          74.3486167,
          31.5073863
        ]
      },
      "id": "node/6164355885"
    },
    {
      "type": "Feature",
      "properties": {
        "@id": "node/6165693186",
        "amenity": "restaurant",
        "cuisine": "turkish",
        "internet_access": "wlan",
        "name": "Nisa Sultan",
        "name:ru": "Султан Ниса",
        "website": "https://instagram.com/nisasultanturkish"
      },
      "geometry": {
        "type": "Point",
        "coordinates": [
          74.3508309,
          31.5143204
        ]
      },
      "id": "node/6165693186"
    },
    {
      "type": "Feature",
      "properties": {
        "@id": "node/6204949087",
        "amenity": "restaurant",
        "name": "Cosa Nostra"
      },
      "geometry": {
        "type": "Point",
        "coordinates": [
          74.3514048,
          31.5270992
        ]
      },
      "id": "node/6204949087"
    },
    {
      "type": "Feature",
      "properties": {
        "@id": "node/6204956386",
        "amenity": "restaurant",
        "name": "Butt Karachi"
      },
      "geometry": {
        "type": "Point",
        "coordinates": [
          74.3235845,
          31.5671973
        ]
      },
      "id": "node/6204956386"
    },
    {
      "type": "Feature",
      "properties": {
        "@id": "node/6206468785",
        "amenity": "restaurant",
        "name": "Halva Channa Puri Restaurant"
      },
      "geometry": {
        "type": "Point",
        "coordinates": [
          74.3158784,
          31.5476595
        ]
      },
      "id": "node/6206468785"
    },
    {
      "type": "Feature",
      "properties": {
        "@id": "node/6215498815",
        "addr:city": "Lahore",
        "addr:housenumber": "25 B/2",
        "addr:postcode": "54660",
        "addr:street": "Mian Mehmood Ali Road, Gulberg III",
        "amenity": "cafe",
        "cuisine": "japanese",
        "email": "info@uncletetsu.pk",
        "internet_access": "wlan",
        "internet_access:fee": "yes",
        "name": "Uncle Tetsu",
        "opening_hours": "24/7",
        "outdoor_seating": "yes",
        "payment:cash": "yes",
        "payment:credit_cards": "yes",
        "payment:maestro": "yes",
        "payment:mastercard": "yes",
        "payment:visa": "yes",
        "phone": "111-CHE-ESE",
        "smoking": "isolated",
        "takeaway": "yes",
        "website": "http://UncleTetsu.pk"
      },
      "geometry": {
        "type": "Point",
        "coordinates": [
          74.3536051,
          31.5074871
        ]
      },
      "id": "node/6215498815"
    },
    {
      "type": "Feature",
      "properties": {
        "@id": "node/6239593488",
        "addr:postcode": "54000",
        "addr:street": "Amir Road",
        "name": "Hamza Sweet",
        "shop": "bakery"
      },
      "geometry": {
        "type": "Point",
        "coordinates": [
          74.2976125,
          31.5792116
        ]
      },
      "id": "node/6239593488"
    },
    {
      "type": "Feature",
      "properties": {
        "@id": "node/6300661985",
        "addr:housenumber": "14",
        "addr:street": "Sabsazar Road",
        "name": "ZamZam Bakers And Sweets",
        "opening_hours": "Mo-Su 06:00-03:00",
        "phone": "+92 316 6777339",
        "shop": "bakery"
      },
      "geometry": {
        "type": "Point",
        "coordinates": [
          74.264701,
          31.5192396
        ]
      },
      "id": "node/6300661985"
    },
    {
      "type": "Feature",
      "properties": {
        "@id": "node/6347648174",
        "amenity": "cafe",
        "name": "Chobara"
      },
      "geometry": {
        "type": "Point",
        "coordinates": [
          74.3962949,
          31.4507078
        ]
      },
      "id": "node/6347648174"
    },
    {
      "type": "Feature",
      "properties": {
        "@id": "node/6354465989",
        "name": "Fresh inn bakers",
        "shop": "bakery"
      },
      "geometry": {
        "type": "Point",
        "coordinates": [
          74.3026103,
          31.4590351
        ]
      },
      "id": "node/6354465989"
    },
    {
      "type": "Feature",
      "properties": {
        "@id": "node/6360959516",
        "amenity": "restaurant",
        "name": "Al Ghazi Restaurant"
      },
      "geometry": {
        "type": "Point",
        "coordinates": [
          74.3174102,
          31.5260614
        ]
      },
      "id": "node/6360959516"
    },
    {
      "type": "Feature",
      "properties": {
        "@id": "node/6411451050",
        "addr:city": "Lahore",
        "addr:street": "Khyaban e Jinnah",
        "name": "Bundu Khan Sweets & bakers",
        "shop": "bakery"
      },
      "geometry": {
        "type": "Point",
        "coordinates": [
          74.4030371,
          31.4747274
        ]
      },
      "id": "node/6411451050"
    },
    {
      "type": "Feature",
      "properties": {
        "@id": "node/6448050385",
        "amenity": "restaurant",
        "name": "Street 360 Food Court"
      },
      "geometry": {
        "type": "Point",
        "coordinates": [
          74.4510342,
          31.52185
        ]
      },
      "id": "node/6448050385"
    },
    {
      "type": "Feature",
      "properties": {
        "@id": "node/6448050585",
        "amenity": "restaurant",
        "name": "Arif Chatkhara House"
      },
      "geometry": {
        "type": "Point",
        "coordinates": [
          74.4509326,
          31.5219998
        ]
      },
      "id": "node/6448050585"
    },
    {
      "type": "Feature",
      "properties": {
        "@id": "node/6448239085",
        "amenity": "restaurant",
        "name": "Baba Gee Kulfi"
      },
      "geometry": {
        "type": "Point",
        "coordinates": [
          74.3800825,
          31.5490989
        ]
      },
      "id": "node/6448239085"
    },
    {
      "type": "Feature",
      "properties": {
        "@id": "node/6448350789",
        "amenity": "restaurant",
        "name": "JAIDI"
      },
      "geometry": {
        "type": "Point",
        "coordinates": [
          74.3964959,
          31.4821604
        ]
      },
      "id": "node/6448350789"
    },
    {
      "type": "Feature",
      "properties": {
        "@id": "node/6449265485",
        "amenity": "restaurant",
        "cuisine": "chinese",
        "name": "The Wok"
      },
      "geometry": {
        "type": "Point",
        "coordinates": [
          74.3459702,
          31.5187203
        ]
      },
      "id": "node/6449265485"
    },
    {
      "type": "Feature",
      "properties": {
        "@id": "node/6451684985",
        "amenity": "restaurant",
        "name": "Babar Restaurant"
      },
      "geometry": {
        "type": "Point",
        "coordinates": [
          74.3129496,
          31.5611841
        ]
      },
      "id": "node/6451684985"
    },
    {
      "type": "Feature",
      "properties": {
        "@id": "node/6455971771",
        "amenity": "cafe",
        "name": "Butlers Chocolate Café"
      },
      "geometry": {
        "type": "Point",
        "coordinates": [
          74.3499085,
          31.5065214
        ]
      },
      "id": "node/6455971771"
    },
    {
      "type": "Feature",
      "properties": {
        "@id": "node/6481373083",
        "amenity": "restaurant",
        "contact:facebook": "https://www.facebook.com/CoventGardendha/",
        "name": "Covent Garden"
      },
      "geometry": {
        "type": "Point",
        "coordinates": [
          74.3776439,
          31.4958456
        ]
      },
      "id": "node/6481373083"
    },
    {
      "type": "Feature",
      "properties": {
        "@id": "node/6568756557",
        "amenity": "fast_food",
        "contact:facebook": "https://www.facebook.com/GrillPerfectionPK/",
        "cuisine": "burger",
        "name": "Grill Perfection"
      },
      "geometry": {
        "type": "Point",
        "coordinates": [
          74.3203023,
          31.4991984
        ]
      },
      "id": "node/6568756557"
    },
    {
      "type": "Feature",
      "properties": {
        "@id": "node/6578465237",
        "addr:city": "Gulberg III, Lahore",
        "addr:street": "MM Alam Road",
        "amenity": "restaurant",
        "cuisine": "chinese",
        "name": "PF Changs Pakistan",
        "name:en": "P.F. Chang's Pakistan",
        "website": "https://www.pfchangspk.com/"
      },
      "geometry": {
        "type": "Point",
        "coordinates": [
          74.3515334,
          31.5161778
        ]
      },
      "id": "node/6578465237"
    },
    {
      "type": "Feature",
      "properties": {
        "@id": "node/6578516727",
        "addr:city": "Lahore",
        "addr:housenumber": "17 C-1",
        "addr:street": "MM Alam Road",
        "amenity": "restaurant",
        "brand": "P.F. Chang's",
        "brand:wikidata": "Q5360181",
        "brand:wikipedia": "en:P. F. Chang's China Bistro",
        "cuisine": "asian",
        "name": "P.F. Chang's",
        "official_name": "P.F. Chang's China Bistro",
        "opening_hours": "12:00-24:00",
        "phone": "+92 42 35781651-3"
      },
      "geometry": {
        "type": "Point",
        "coordinates": [
          74.3515669,
          31.5161743
        ]
      },
      "id": "node/6578516727"
    },
    {
      "type": "Feature",
      "properties": {
        "@id": "node/6591968692",
        "addr:street": "Moon Market AIT",
        "amenity": "restaurant",
        "name": "Swadi restaurant"
      },
      "geometry": {
        "type": "Point",
        "coordinates": [
          74.2909892,
          31.5209377
        ]
      },
      "id": "node/6591968692"
    },
    {
      "type": "Feature",
      "properties": {
        "@id": "node/6591968797",
        "addr:street": "Multan Road",
        "name": "Gourmet Food",
        "shop": "bakery"
      },
      "geometry": {
        "type": "Point",
        "coordinates": [
          74.2821314,
          31.5228334
        ]
      },
      "id": "node/6591968797"
    },
    {
      "type": "Feature",
      "properties": {
        "@id": "node/6612977585",
        "name": "Cakes and Baked",
        "shop": "bakery"
      },
      "geometry": {
        "type": "Point",
        "coordinates": [
          74.3373279,
          31.5614391
        ]
      },
      "id": "node/6612977585"
    },
    {
      "type": "Feature",
      "properties": {
        "@id": "node/6613015585",
        "addr:housenumber": "16",
        "addr:street": "McLeod Road میکلوڈ روڈ",
        "name": "Butt Sweets & Bakers",
        "shop": "bakery"
      },
      "geometry": {
        "type": "Point",
        "coordinates": [
          74.3233993,
          31.5671918
        ]
      },
      "id": "node/6613015585"
    },
    {
      "type": "Feature",
      "properties": {
        "@id": "node/6613015685",
        "amenity": "restaurant"
      },
      "geometry": {
        "type": "Point",
        "coordinates": [
          74.3235718,
          31.5675057
        ]
      },
      "id": "node/6613015685"
    },
    {
      "type": "Feature",
      "properties": {
        "@id": "node/6614535486",
        "amenity": "restaurant",
        "cuisine": "regional",
        "name": "Hot Roast (2nd floor)",
        "phone": "03060470470"
      },
      "geometry": {
        "type": "Point",
        "coordinates": [
          74.2828726,
          31.5516501
        ]
      },
      "id": "node/6614535486"
    },
    {
      "type": "Feature",
      "properties": {
        "@id": "node/6651636386",
        "amenity": "ice_cream",
        "name": "Benazir Kulfa"
      },
      "geometry": {
        "type": "Point",
        "coordinates": [
          74.3455544,
          31.5085561
        ]
      },
      "id": "node/6651636386"
    },
    {
      "type": "Feature",
      "properties": {
        "@id": "node/6687577998",
        "addr:city": "lahore",
        "addr:housenumber": "234",
        "addr:postcode": "54660",
        "addr:street": "St 10 Sec Y Ph 3",
        "amenity": "restaurant",
        "cuisine": "regional;burger;coffee_shop;italian;sandwich;chicken;international",
        "name": "Cheeky Joe's",
        "opening_hours": "24/7",
        "phone": "+923218478824",
        "smoking": "isolated"
      },
      "geometry": {
        "type": "Point",
        "coordinates": [
          74.3743216,
          31.4719466
        ]
      },
      "id": "node/6687577998"
    },
    {
      "type": "Feature",
      "properties": {
        "@id": "node/6698898927",
        "addr:city": "Lahore",
        "addr:street": "Waqas Market, No., Nadirabad Lahore, Punjab, Pakistan",
        "amenity": "restaurant",
        "name": "Bhatti Naan Shop",
        "opening_hours": "Mo-Su 07:00-22:00"
      },
      "geometry": {
        "type": "Point",
        "coordinates": [
          74.4066792,
          31.4969759
        ]
      },
      "id": "node/6698898927"
    },
    {
      "type": "Feature",
      "properties": {
        "@id": "node/6720887285",
        "amenity": "fast_food",
        "name": "Bismila Naan Shop",
        "name:en": "Bismila Naan Shop & Mr Chef Fast food"
      },
      "geometry": {
        "type": "Point",
        "coordinates": [
          74.4083856,
          31.5842773
        ]
      },
      "id": "node/6720887285"
    },
    {
      "type": "Feature",
      "properties": {
        "@id": "node/6804689785",
        "amenity": "cafe",
        "name": "English Tea House"
      },
      "geometry": {
        "type": "Point",
        "coordinates": [
          74.3791534,
          31.4735012
        ]
      },
      "id": "node/6804689785"
    },
    {
      "type": "Feature",
      "properties": {
        "@id": "node/6886226986",
        "amenity": "fast_food",
        "brand": "مکڈونلڈز",
        "brand:ar": "مكدونالدز",
        "brand:de": "McDonald’s",
        "brand:en": "McDonald's",
        "brand:fa": "مکدونالدز",
        "brand:pnb": "میکڈونلڈز",
        "brand:ps": "مکډونالډز",
        "brand:ur": "مکڈونلڈز",
        "brand:wikidata": "Q38076",
        "brand:wikipedia": "ur:مکڈونلڈز",
        "brand:wikipedia:ar": "مكدونالدز",
        "brand:wikipedia:fa": "مکدونالدز",
        "brand:wikipedia:pnb": "میکڈونلڈز",
        "brand:wikipedia:ps": "مکډونالډز",
        "brand:wikipedia:ur": "مکڈونلڈز",
        "name": "مکڈونلڈز",
        "name:ar": "مكدونالدز",
        "name:de": "McDonald’s",
        "name:en": "McDonald's",
        "name:fa": "مکدونالدز",
        "name:pnb": "میکڈونلڈز",
        "name:ps": "مکډونالډز",
        "name:ur": "مکڈونلڈز"
      },
      "geometry": {
        "type": "Point",
        "coordinates": [
          74.2734102,
          31.498422
        ]
      },
      "id": "node/6886226986"
    },
    {
      "type": "Feature",
      "properties": {
        "@id": "node/7100869887",
        "addr:street": "Davis Road",
        "amenity": "fast_food",
        "name": "Fast food shop photo copy"
      },
      "geometry": {
        "type": "Point",
        "coordinates": [
          74.339282,
          31.5577411
        ]
      },
      "id": "node/7100869887"
    },
    {
      "type": "Feature",
      "properties": {
        "@id": "node/7118224062",
        "amenity": "restaurant",
        "name": "Molvi Sahab Golgappay Walay"
      },
      "geometry": {
        "type": "Point",
        "coordinates": [
          74.3333552,
          31.5725442
        ]
      },
      "id": "node/7118224062"
    },
    {
      "type": "Feature",
      "properties": {
        "@id": "node/7130653492",
        "amenity": "cafe",
        "facebook": "https://www.facebook.com/chayeqawali/",
        "name": "Chaye Qawali",
        "opening_hours": "Mo-Su 17:30-03:00",
        "phone": "03214731007"
      },
      "geometry": {
        "type": "Point",
        "coordinates": [
          74.2798354,
          31.4575102
        ]
      },
      "id": "node/7130653492"
    },
    {
      "type": "Feature",
      "properties": {
        "@id": "node/7148090522",
        "amenity": "restaurant",
        "cuisine": "indian",
        "name": "Zee Grill",
        "opening_hours": "Mo-Su 12:00-24:00"
      },
      "geometry": {
        "type": "Point",
        "coordinates": [
          74.2616273,
          31.4096511
        ]
      },
      "id": "node/7148090522"
    },
    {
      "type": "Feature",
      "properties": {
        "@id": "node/7222242419",
        "amenity": "cafe",
        "brand": "گلوریا جینز",
        "brand:ar": "قلوريا جينز",
        "brand:ur": "گلوریا جینز",
        "brand:website": "https://gloriajeanscoffees.com.pk",
        "brand:wikidata": "Q2666365",
        "brand:wikipedia": "ar:قلوريا جينز كافيه",
        "brand:wikipedia:ar": "قلوريا جينز كافيه",
        "cuisine": "coffee_shop",
        "name": "گلوریا جینز",
        "name:ar": "قلوريا جينز",
        "name:en": "Gloria Jean's",
        "name:ur": "گلوریا جینز",
        "official_name": "گلوریا جینز کافیز",
        "official_name:ar": "قلوريا جينز كافيه",
        "official_name:ur": "گلوریا جینز کافیز",
        "shop": "coffee",
        "takeaway": "yes"
      },
      "geometry": {
        "type": "Point",
        "coordinates": [
          74.3260735,
          31.488266
        ]
      },
      "id": "node/7222242419"
    },
    {
      "type": "Feature",
      "properties": {
        "@id": "node/7222242420",
        "amenity": "fast_food",
        "brand": "سب وے",
        "brand:ar": "صبوي",
        "brand:ur": "سب وے",
        "brand:website": "https://www.subway.com",
        "brand:wikidata": "Q244457",
        "brand:wikipedia": "ar:صب واي",
        "cuisine": "sandwich",
        "drive_through": "no",
        "name": "سب وے",
        "name:ar": "صبوي",
        "name:de": "Subway",
        "name:en": "Subway",
        "name:es": "Subway",
        "name:ur": "سب وے",
        "takeaway": "yes"
      },
      "geometry": {
        "type": "Point",
        "coordinates": [
          74.3257077,
          31.4882193
        ]
      },
      "id": "node/7222242420"
    },
    {
      "type": "Feature",
      "properties": {
        "@id": "node/7222242421",
        "amenity": "restaurant",
        "name": "Karachi Chatkhara"
      },
      "geometry": {
        "type": "Point",
        "coordinates": [
          74.3256109,
          31.4882535
        ]
      },
      "id": "node/7222242421"
    },
    {
      "type": "Feature",
      "properties": {
        "@id": "node/7222242422",
        "name": "Gourmet",
        "shop": "bakery"
      },
      "geometry": {
        "type": "Point",
        "coordinates": [
          74.3262264,
          31.4888889
        ]
      },
      "id": "node/7222242422"
    },
    {
      "type": "Feature",
      "properties": {
        "@id": "node/7243781636",
        "amenity": "restaurant",
        "cuisine": "pizza",
        "name": "Delish Pizza Bar"
      },
      "geometry": {
        "type": "Point",
        "coordinates": [
          74.3261697,
          31.4888191
        ]
      },
      "id": "node/7243781636"
    },
    {
      "type": "Feature",
      "properties": {
        "@id": "node/7244237385",
        "amenity": "fast_food",
        "name": "Fine Pizza"
      },
      "geometry": {
        "type": "Point",
        "coordinates": [
          74.3152339,
          31.4654514
        ]
      },
      "id": "node/7244237385"
    },
    {
      "type": "Feature",
      "properties": {
        "@id": "node/7244237486",
        "amenity": "fast_food",
        "name": "Pizza Channel",
        "name:en": "Pizza Channel"
      },
      "geometry": {
        "type": "Point",
        "coordinates": [
          74.3058014,
          31.4797211
        ]
      },
      "id": "node/7244237486"
    },
    {
      "type": "Feature",
      "properties": {
        "@id": "node/7244237491",
        "addr:street": "PIA Main Blvd",
        "amenity": "fast_food",
        "name": "Dazzler"
      },
      "geometry": {
        "type": "Point",
        "coordinates": [
          74.2854678,
          31.4508398
        ]
      },
      "id": "node/7244237491"
    },
    {
      "type": "Feature",
      "properties": {
        "@id": "node/7255015812",
        "amenity": "restaurant",
        "name": "The Pantry"
      },
      "geometry": {
        "type": "Point",
        "coordinates": [
          74.3459154,
          31.5187616
        ]
      },
      "id": "node/7255015812"
    },
    {
      "type": "Feature",
      "properties": {
        "@id": "node/7255015813",
        "amenity": "restaurant",
        "name": "The Brasserie"
      },
      "geometry": {
        "type": "Point",
        "coordinates": [
          74.3458755,
          31.5187265
        ]
      },
      "id": "node/7255015813"
    },
    {
      "type": "Feature",
      "properties": {
        "@id": "node/7255015814",
        "amenity": "restaurant",
        "name": "The Balcony"
      },
      "geometry": {
        "type": "Point",
        "coordinates": [
          74.3459302,
          31.5186837
        ]
      },
      "id": "node/7255015814"
    },
    {
      "type": "Feature",
      "properties": {
        "@id": "node/7255015815",
        "amenity": "restaurant",
        "name": "Sweet Tooth"
      },
      "geometry": {
        "type": "Point",
        "coordinates": [
          74.346079,
          31.5186764
        ]
      },
      "id": "node/7255015815"
    },
    {
      "type": "Feature",
      "properties": {
        "@id": "node/7255015821",
        "amenity": "cafe",
        "name": "Mocca"
      },
      "geometry": {
        "type": "Point",
        "coordinates": [
          74.3461985,
          31.5186351
        ]
      },
      "id": "node/7255015821"
    },
    {
      "type": "Feature",
      "properties": {
        "@id": "node/7255015822",
        "amenity": "restaurant",
        "name": "Ganache Cafe"
      },
      "geometry": {
        "type": "Point",
        "coordinates": [
          74.3463969,
          31.5185279
        ]
      },
      "id": "node/7255015822"
    },
    {
      "type": "Feature",
      "properties": {
        "@id": "node/7255015823",
        "amenity": "restaurant",
        "name": "The Burning Giraffe"
      },
      "geometry": {
        "type": "Point",
        "coordinates": [
          74.3462616,
          31.5186077
        ]
      },
      "id": "node/7255015823"
    },
    {
      "type": "Feature",
      "properties": {
        "@id": "node/7255015824",
        "amenity": "restaurant",
        "name": "Molecule Coffee"
      },
      "geometry": {
        "type": "Point",
        "coordinates": [
          74.3465942,
          31.5187975
        ]
      },
      "id": "node/7255015824"
    },
    {
      "type": "Feature",
      "properties": {
        "@id": "node/7255015825",
        "amenity": "cafe",
        "brand": "Second Cup",
        "brand:wikidata": "Q862180",
        "brand:wikipedia": "en:Second Cup",
        "cuisine": "coffee_shop",
        "name": "Second Cup",
        "takeaway": "yes"
      },
      "geometry": {
        "type": "Point",
        "coordinates": [
          74.345931,
          31.5190371
        ]
      },
      "id": "node/7255015825"
    },
    {
      "type": "Feature",
      "properties": {
        "@id": "node/7255015826",
        "amenity": "restaurant",
        "name": "Cafe Beirut"
      },
      "geometry": {
        "type": "Point",
        "coordinates": [
          74.346089,
          31.5192744
        ]
      },
      "id": "node/7255015826"
    },
    {
      "type": "Feature",
      "properties": {
        "@id": "node/7255015827",
        "amenity": "restaurant",
        "cuisine": "chinese",
        "name": "Rice Bowl"
      },
      "geometry": {
        "type": "Point",
        "coordinates": [
          74.3462094,
          31.5189414
        ]
      },
      "id": "node/7255015827"
    },
    {
      "type": "Feature",
      "properties": {
        "@id": "node/7255015828",
        "amenity": "restaurant",
        "name": "The Delicatessen"
      },
      "geometry": {
        "type": "Point",
        "coordinates": [
          74.3460221,
          31.5187017
        ]
      },
      "id": "node/7255015828"
    },
    {
      "type": "Feature",
      "properties": {
        "@id": "node/7255015829",
        "amenity": "cafe",
        "brand": "گلوریا جینز",
        "brand:ar": "قلوريا جينز",
        "brand:ur": "گلوریا جینز",
        "brand:website": "https://gloriajeanscoffees.com.pk",
        "brand:wikidata": "Q2666365",
        "brand:wikipedia": "ar:قلوريا جينز كافيه",
        "brand:wikipedia:ar": "قلوريا جينز كافيه",
        "cuisine": "coffee_shop",
        "name": "گلوریا جینز",
        "name:ar": "قلوريا جينز",
        "name:en": "Gloria Jean's",
        "name:ur": "گلوریا جینز",
        "official_name": "گلوریا جینز کافیز",
        "official_name:ar": "قلوريا جينز كافيه",
        "official_name:ur": "گلوریا جینز کافیز",
        "shop": "coffee",
        "takeaway": "yes"
      },
      "geometry": {
        "type": "Point",
        "coordinates": [
          74.3457666,
          31.5186453
        ]
      },
      "id": "node/7255015829"
    },
    {
      "type": "Feature",
      "properties": {
        "@id": "node/7255061454",
        "amenity": "restaurant",
        "name": "Penthouse"
      },
      "geometry": {
        "type": "Point",
        "coordinates": [
          74.345868,
          31.5186263
        ]
      },
      "id": "node/7255061454"
    },
    {
      "type": "Feature",
      "properties": {
        "@id": "node/7256171204",
        "amenity": "fast_food",
        "brand": "ہارڈیز",
        "brand:ar": "هارديز",
        "brand:ur": "ہارڈیز",
        "brand:wikidata": "Q1585088",
        "brand:wikipedia": "ur:ہارڈیز",
        "brand:wikipedia:ur": "ہارڈیز",
        "cuisine": "burger",
        "name": "ہارڈیز",
        "name:ar": "هارديز",
        "name:en": "Hardee's",
        "name:ur": "ہارڈیز",
        "takeaway": "yes"
      },
      "geometry": {
        "type": "Point",
        "coordinates": [
          74.3791414,
          31.4751729
        ]
      },
      "id": "node/7256171204"
    },
    {
      "type": "Feature",
      "properties": {
        "@id": "node/7256171205",
        "amenity": "restaurant",
        "cuisine": "japanese",
        "name": "Sumo"
      },
      "geometry": {
        "type": "Point",
        "coordinates": [
          74.3790057,
          31.4751702
        ]
      },
      "id": "node/7256171205"
    },
    {
      "type": "Feature",
      "properties": {
        "@id": "node/7256171206",
        "amenity": "restaurant",
        "cuisine": "chinese",
        "name": "Mandarin Kitchen"
      },
      "geometry": {
        "type": "Point",
        "coordinates": [
          74.3790703,
          31.4750492
        ]
      },
      "id": "node/7256171206"
    },
    {
      "type": "Feature",
      "properties": {
        "@id": "node/7256171208",
        "amenity": "restaurant",
        "brand": "Nando's",
        "brand:wikidata": "Q3472954",
        "brand:wikipedia": "en:Nando's",
        "cuisine": "chicken;portuguese",
        "name": "Nando's"
      },
      "geometry": {
        "type": "Point",
        "coordinates": [
          74.3785881,
          31.4749877
        ]
      },
      "id": "node/7256171208"
    },
    {
      "type": "Feature",
      "properties": {
        "@id": "node/7256171209",
        "amenity": "restaurant",
        "name": "Bar.B.Q Tonight"
      },
      "geometry": {
        "type": "Point",
        "coordinates": [
          74.379445,
          31.4747198
        ]
      },
      "id": "node/7256171209"
    },
    {
      "type": "Feature",
      "properties": {
        "@id": "node/7256171210",
        "amenity": "restaurant",
        "name": "Cafe Aylanto"
      },
      "geometry": {
        "type": "Point",
        "coordinates": [
          74.3797155,
          31.4742332
        ]
      },
      "id": "node/7256171210"
    },
    {
      "type": "Feature",
      "properties": {
        "@id": "node/7256182078",
        "amenity": "restaurant",
        "cuisine": "chinese",
        "name": "Yum Chinese & Thai"
      },
      "geometry": {
        "type": "Point",
        "coordinates": [
          74.3789945,
          31.4734564
        ]
      },
      "id": "node/7256182078"
    },
    {
      "type": "Feature",
      "properties": {
        "@id": "node/7256182080",
        "amenity": "fast_food",
        "brand": "کینٹکی فرائیڈ چکن",
        "brand:ar": "دجاج كنتاكي",
        "brand:en": "KFC",
        "brand:fa": "کی‌اف‌سی",
        "brand:ur": "کینٹکی فرائیڈ چکن",
        "brand:wikidata": "Q524757",
        "brand:wikipedia": "ur:کینٹکی فرائیڈ چکن",
        "brand:wikipedia:ar": "دجاج كنتاكي",
        "brand:wikipedia:fa": "کی‌اف‌سی",
        "brand:wikipedia:ur": "کینٹکی فرائیڈ چکن",
        "cuisine": "chicken",
        "name": "کینٹکی فرائیڈ چکن",
        "name:ar": "دجاج كنتاكي",
        "name:en": "KFC",
        "name:fa": "کی‌اف‌سی",
        "name:ur": "کینٹکی فرائیڈ چکن",
        "takeaway": "yes"
      },
      "geometry": {
        "type": "Point",
        "coordinates": [
          74.3786782,
          31.4732849
        ]
      },
      "id": "node/7256182080"
    },
    {
      "type": "Feature",
      "properties": {
        "@id": "node/7270474699",
        "amenity": "restaurant",
        "name": "114 by Insomnia Kitchen"
      },
      "geometry": {
        "type": "Point",
        "coordinates": [
          74.3265487,
          31.4886944
        ]
      },
      "id": "node/7270474699"
    },
    {
      "type": "Feature",
      "properties": {
        "@id": "node/7270474716",
        "amenity": "restaurant",
        "cuisine": "chinese",
        "name": "Mandarin Kitchen"
      },
      "geometry": {
        "type": "Point",
        "coordinates": [
          74.350039,
          31.5198219
        ]
      },
      "id": "node/7270474716"
    },
    {
      "type": "Feature",
      "properties": {
        "@id": "node/7270474717",
        "amenity": "cafe",
        "name": "Jade Cafe"
      },
      "geometry": {
        "type": "Point",
        "coordinates": [
          74.356607,
          31.5067752
        ]
      },
      "id": "node/7270474717"
    },
    {
      "type": "Feature",
      "properties": {
        "@id": "node/7270474718",
        "amenity": "cafe",
        "name": "Butlers"
      },
      "geometry": {
        "type": "Point",
        "coordinates": [
          74.349576,
          31.5065704
        ]
      },
      "id": "node/7270474718"
    },
    {
      "type": "Feature",
      "properties": {
        "@id": "node/7270474719",
        "amenity": "restaurant",
        "cuisine": "chinese",
        "name": "NOVU"
      },
      "geometry": {
        "type": "Point",
        "coordinates": [
          74.3485633,
          31.507354
        ]
      },
      "id": "node/7270474719"
    },
    {
      "type": "Feature",
      "properties": {
        "@id": "node/7276489471",
        "amenity": "restaurant",
        "name": "Sashas"
      },
      "geometry": {
        "type": "Point",
        "coordinates": [
          74.3463252,
          31.5185921
        ]
      },
      "id": "node/7276489471"
    },
    {
      "type": "Feature",
      "properties": {
        "@id": "node/7276489473",
        "amenity": "restaurant",
        "cuisine": "french",
        "name": "MariBelle"
      },
      "geometry": {
        "type": "Point",
        "coordinates": [
          74.3459575,
          31.5186124
        ]
      },
      "id": "node/7276489473"
    },
    {
      "type": "Feature",
      "properties": {
        "@id": "node/7276535746",
        "amenity": "fast_food",
        "name": "OPTP"
      },
      "geometry": {
        "type": "Point",
        "coordinates": [
          74.3779573,
          31.4753007
        ]
      },
      "id": "node/7276535746"
    },
    {
      "type": "Feature",
      "properties": {
        "@id": "node/7297674500",
        "amenity": "fast_food",
        "name": "Johnny & Jugnu"
      },
      "geometry": {
        "type": "Point",
        "coordinates": [
          74.3792468,
          31.4662531
        ]
      },
      "id": "node/7297674500"
    },
    {
      "type": "Feature",
      "properties": {
        "@id": "node/7297728450",
        "amenity": "restaurant",
        "name": "Urban Kitchen"
      },
      "geometry": {
        "type": "Point",
        "coordinates": [
          74.3520323,
          31.5209151
        ]
      },
      "id": "node/7297728450"
    },
    {
      "type": "Feature",
      "properties": {
        "@id": "node/7297744892",
        "amenity": "restaurant",
        "name": "Rina's Kitchenette"
      },
      "geometry": {
        "type": "Point",
        "coordinates": [
          74.3505464,
          31.5272145
        ]
      },
      "id": "node/7297744892"
    },
    {
      "type": "Feature",
      "properties": {
        "@id": "node/7307120052",
        "amenity": "fast_food",
        "cuisine": "pizza",
        "name": "Nainu's Pizza"
      },
      "geometry": {
        "type": "Point",
        "coordinates": [
          74.3492454,
          31.4943164
        ]
      },
      "id": "node/7307120052"
    },
    {
      "type": "Feature",
      "properties": {
        "@id": "node/7350412621",
        "amenity": "fast_food",
        "brand": "کینٹکی فرائیڈ چکن",
        "brand:ar": "دجاج كنتاكي",
        "brand:en": "KFC",
        "brand:fa": "کی‌اف‌سی",
        "brand:ur": "کینٹکی فرائیڈ چکن",
        "brand:wikidata": "Q524757",
        "brand:wikipedia": "ur:کینٹکی فرائیڈ چکن",
        "brand:wikipedia:ar": "دجاج كنتاكي",
        "brand:wikipedia:fa": "کی‌اف‌سی",
        "brand:wikipedia:ur": "کینٹکی فرائیڈ چکن",
        "drive_through": "yes",
        "name": "کینٹکی فرائیڈ چکن",
        "name:ar": "دجاج كنتاكي",
        "name:en": "KFC",
        "name:fa": "کی‌اف‌سی",
        "name:ur": "کینٹکی فرائیڈ چکن",
        "takeaway": "yes"
      },
      "geometry": {
        "type": "Point",
        "coordinates": [
          74.3196268,
          31.4715077
        ]
      },
      "id": "node/7350412621"
    },
    {
      "type": "Feature",
      "properties": {
        "@id": "node/7374594736",
        "amenity": "cafe",
        "brand": "گلوریا جینز",
        "brand:ar": "قلوريا جينز",
        "brand:ur": "گلوریا جینز",
        "brand:website": "https://gloriajeanscoffees.com.pk",
        "brand:wikidata": "Q2666365",
        "brand:wikipedia": "ar:قلوريا جينز كافيه",
        "brand:wikipedia:ar": "قلوريا جينز كافيه",
        "cuisine": "coffee_shop",
        "name": "گلوریا جینز",
        "name:ar": "قلوريا جينز",
        "name:en": "Gloria Jean's",
        "name:ur": "گلوریا جینز",
        "official_name": "گلوریا جینز کافیز",
        "official_name:ar": "قلوريا جينز كافيه",
        "official_name:ur": "گلوریا جینز کافیز",
        "shop": "coffee",
        "takeaway": "yes"
      },
      "geometry": {
        "type": "Point",
        "coordinates": [
          74.4132709,
          31.4612106
        ]
      },
      "id": "node/7374594736"
    },
    {
      "type": "Feature",
      "properties": {
        "@id": "node/7374594738",
        "amenity": "restaurant",
        "name": "Mocca"
      },
      "geometry": {
        "type": "Point",
        "coordinates": [
          74.4133344,
          31.4609731
        ]
      },
      "id": "node/7374594738"
    },
    {
      "type": "Feature",
      "properties": {
        "@id": "node/7374594739",
        "amenity": "restaurant",
        "name": "Napoli"
      },
      "geometry": {
        "type": "Point",
        "coordinates": [
          74.4131248,
          31.4612342
        ]
      },
      "id": "node/7374594739"
    },
    {
      "type": "Feature",
      "properties": {
        "@id": "node/7374594740",
        "amenity": "restaurant",
        "name": "The Delicatessen"
      },
      "geometry": {
        "type": "Point",
        "coordinates": [
          74.4137976,
          31.4609025
        ]
      },
      "id": "node/7374594740"
    },
    {
      "type": "Feature",
      "properties": {
        "@id": "node/7374594741",
        "amenity": "restaurant",
        "cuisine": "italian",
        "name": "Cosa Nostra"
      },
      "geometry": {
        "type": "Point",
        "coordinates": [
          74.4136984,
          31.4609448
        ]
      },
      "id": "node/7374594741"
    },
    {
      "type": "Feature",
      "properties": {
        "@id": "node/7406349266",
        "amenity": "fast_food",
        "brand": "کینٹکی فرائیڈ چکن",
        "brand:ar": "دجاج كنتاكي",
        "brand:en": "KFC",
        "brand:fa": "کی‌اف‌سی",
        "brand:ur": "کینٹکی فرائیڈ چکن",
        "brand:wikidata": "Q524757",
        "brand:wikipedia": "ur:کینٹکی فرائیڈ چکن",
        "brand:wikipedia:ar": "دجاج كنتاكي",
        "brand:wikipedia:fa": "کی‌اف‌سی",
        "brand:wikipedia:ur": "کینٹکی فرائیڈ چکن",
        "cuisine": "chicken",
        "name": "کینٹکی فرائیڈ چکن",
        "name:ar": "دجاج كنتاكي",
        "name:en": "KFC",
        "name:fa": "کی‌اف‌سی",
        "name:ur": "کینٹکی فرائیڈ چکن",
        "takeaway": "yes"
      },
      "geometry": {
        "type": "Point",
        "coordinates": [
          74.3193189,
          31.4713984
        ]
      },
      "id": "node/7406349266"
    },
    {
      "type": "Feature",
      "properties": {
        "@id": "node/7406349267",
        "amenity": "fast_food",
        "brand": "Papa John's",
        "brand:wikidata": "Q2759586",
        "brand:wikipedia": "en:Papa John's Pizza",
        "cuisine": "pizza",
        "name": "Papa John's",
        "takeaway": "yes"
      },
      "geometry": {
        "type": "Point",
        "coordinates": [
          74.3198992,
          31.4717352
        ]
      },
      "id": "node/7406349267"
    },
    {
      "type": "Feature",
      "properties": {
        "@id": "node/7406349268",
        "amenity": "ice_cream",
        "brand": "Baskin-Robbins",
        "brand:wikidata": "Q584601",
        "brand:wikipedia": "en:Baskin-Robbins",
        "cuisine": "ice_cream",
        "name": "Baskin-Robbins"
      },
      "geometry": {
        "type": "Point",
        "coordinates": [
          74.3783051,
          31.4754473
        ]
      },
      "id": "node/7406349268"
    },
    {
      "type": "Feature",
      "properties": {
        "@id": "node/7606817385",
        "addr:street": "Baraf Khana Road",
        "name": "Anmol Flour Mill",
        "name:ar": "انمول آٹا چکی",
        "opening_hours": "Mo-Su 09:00-18:00",
        "shop": "bakery"
      },
      "geometry": {
        "type": "Point",
        "coordinates": [
          74.410426,
          31.5590757
        ]
      },
      "id": "node/7606817385"
    },
    {
      "type": "Feature",
      "properties": {
        "@id": "node/7656889200",
        "amenity": "fast_food",
        "cuisine": "burger;fish_and_chips",
        "name": "OPTP",
        "website": "https://optp.biz/"
      },
      "geometry": {
        "type": "Point",
        "coordinates": [
          74.3265151,
          31.4887718
        ]
      },
      "id": "node/7656889200"
    },
    {
      "type": "Feature",
      "properties": {
        "@id": "node/7684934244",
        "addr:city": "Lahore",
        "addr:postcode": "54000",
        "addr:street": "Hota Singh Road (Abdali Road)",
        "air_conditioning": "yes",
        "name": "But Sweets and Bakers",
        "payment:cash": "yes",
        "payment:credit_cards": "yes",
        "payment:debit_cards": "yes",
        "shop": "bakery"
      },
      "geometry": {
        "type": "Point",
        "coordinates": [
          74.2910465,
          31.5674853
        ]
      },
      "id": "node/7684934244"
    },
    {
      "type": "Feature",
      "properties": {
        "@id": "node/7834258556",
        "addr:city": "Lahore",
        "addr:housenumber": "429 main Blvd, Block G4, Phase 2",
        "addr:postcode": "54000",
        "addr:street": "Johar Town Main Boulevard",
        "air_conditioning": "yes",
        "amenity": "restaurant",
        "capacity": "100",
        "cuisine": "afghan;bbq;pakistani;Pushtun_Cuisine",
        "delivery": "yes",
        "internet_access": "wlan",
        "name": "Qabail Restaurant Johar Town",
        "opening_hours": "Mo-Su 12:00-01:00",
        "opening_hours:covid19": "Mo-Su 12:00-00:30",
        "outdoor_seating": "yes",
        "phone": "+92 42 35290204",
        "reservation": "yes",
        "takeaway": "yes",
        "website": "https://www.facebook.com/Qabail-1512589155738006/"
      },
      "geometry": {
        "type": "Point",
        "coordinates": [
          74.2712004,
          31.474236
        ]
      },
      "id": "node/7834258556"
    },
    {
      "type": "Feature",
      "properties": {
        "@id": "node/7897309391",
        "amenity": "restaurant",
        "brand": "پیزا ہٹ",
        "brand:ar": "بيتزا هت",
        "brand:en": "Pizza Hut",
        "brand:fa": "پیتزا هات",
        "brand:pnb": "پزا ہٹ",
        "brand:ur": "پیزا ہٹ",
        "brand:wikidata": "Q191615",
        "brand:wikipedia": "ur:پیزا ہٹ",
        "brand:wikipedia:ar": "بيتزا هت",
        "brand:wikipedia:fa": "پیتزا هات",
        "brand:wikipedia:pnb": "پزا ہٹ",
        "brand:wikipedia:ur": "پیزا ہٹ",
        "name": "پیزا ہٹ",
        "name:ar": "بيتزا هت",
        "name:en": "Pizza Hut",
        "name:fa": "پیتزا هات",
        "name:pnb": "پزا ہٹ",
        "name:ur": "پیزا ہٹ"
      },
      "geometry": {
        "type": "Point",
        "coordinates": [
          74.4524118,
          31.5240877
        ]
      },
      "id": "node/7897309391"
    },
    {
      "type": "Feature",
      "properties": {
        "@id": "node/8262158817",
        "amenity": "bar",
        "name": "SHEIKH © (MR. WHITE )"
      },
      "geometry": {
        "type": "Point",
        "coordinates": [
          74.3435459,
          31.563584
        ]
      },
      "id": "node/8262158817"
    },
    {
      "type": "Feature",
      "properties": {
        "@id": "node/8362608059",
        "amenity": "cafe",
        "contact:facebook": "https://www.facebook.com/kirazcoffeehouse/",
        "name": "Kiraz Coffee House"
      },
      "geometry": {
        "type": "Point",
        "coordinates": [
          74.267841,
          31.4340323
        ]
      },
      "id": "node/8362608059"
    },
    {
      "type": "Feature",
      "properties": {
        "@id": "node/8364576331",
        "amenity": "restaurant",
        "contact:facebook": "https://www.facebook.com/dock27/",
        "contact:instagram": "https://www.instagram.com/dock.27/",
        "name": "Dock 27"
      },
      "geometry": {
        "type": "Point",
        "coordinates": [
          74.350588,
          31.5187003
        ]
      },
      "id": "node/8364576331"
    },
    {
      "type": "Feature",
      "properties": {
        "@id": "node/8366440817",
        "amenity": "restaurant",
        "name": "forks n knives"
      },
      "geometry": {
        "type": "Point",
        "coordinates": [
          74.2819942,
          31.4778795
        ]
      },
      "id": "node/8366440817"
    },
    {
      "type": "Feature",
      "properties": {
        "@id": "node/8374244574",
        "addr:city": "Lahore",
        "addr:housenumber": "24",
        "addr:postcode": "54000",
        "addr:street": "McLeod Road",
        "amenity": "restaurant",
        "cuisine": "regional",
        "name": "shahbaz tikka house",
        "opening_hours": "24/7",
        "phone": "03114352540"
      },
      "geometry": {
        "type": "Point",
        "coordinates": [
          74.3249438,
          31.5675351
        ]
      },
      "id": "node/8374244574"
    },
    {
      "type": "Feature",
      "properties": {
        "@id": "node/8374299311",
        "addr:city": "Lahore",
        "addr:housenumber": "24",
        "addr:postcode": "54000",
        "addr:street": "McLeod Road",
        "air_conditioning": "yes",
        "amenity": "restaurant",
        "cuisine": "regional;chicken",
        "delivery": "yes",
        "diet:halal": "yes",
        "name": "shahbaz tikka house",
        "opening_hours": "24/7",
        "phone": "03114352540"
      },
      "geometry": {
        "type": "Point",
        "coordinates": [
          74.3249651,
          31.5675564
        ]
      },
      "id": "node/8374299311"
    },
    {
      "type": "Feature",
      "properties": {
        "@id": "node/8374311898",
        "addr:city": "Lahore",
        "addr:housenumber": "24",
        "addr:postcode": "54000",
        "addr:street": "McLeod Road",
        "air_conditioning": "yes",
        "amenity": "restaurant",
        "cuisine": "regional;kebab;chicken",
        "delivery": "yes",
        "diet:halal": "yes",
        "name": "shahbaz tikka house",
        "opening_hours": "24/7",
        "phone": "03114352540",
        "source": "local knowledge;survey;gps"
      },
      "geometry": {
        "type": "Point",
        "coordinates": [
          74.3249561,
          31.5674859
        ]
      },
      "id": "node/8374311898"
    },
    {
      "type": "Feature",
      "properties": {
        "@id": "node/8386789917",
        "amenity": "fast_food",
        "name": "HFC Frozen Food Fectory"
      },
      "geometry": {
        "type": "Point",
        "coordinates": [
          74.3176363,
          31.4411296
        ]
      },
      "id": "node/8386789917"
    },
    {
      "type": "Feature",
      "properties": {
        "@id": "node/8397668490",
        "amenity": "restaurant",
        "name": "Tanali Food"
      },
      "geometry": {
        "type": "Point",
        "coordinates": [
          74.3422556,
          31.5992038
        ]
      },
      "id": "node/8397668490"
    },
    {
      "type": "Feature",
      "properties": {
        "@id": "node/8399022545",
        "amenity": "restaurant",
        "cuisine": "chinese",
        "name": "Red Lotus",
        "phone": "+924236310077"
      },
      "geometry": {
        "type": "Point",
        "coordinates": [
          74.3300432,
          31.561541
        ]
      },
      "id": "node/8399022545"
    },
    {
      "type": "Feature",
      "properties": {
        "@id": "node/8399022562",
        "addr:housenumber": "87",
        "addr:street": "Mall Road مال روڈ",
        "amenity": "restaurant",
        "cuisine": "japanese",
        "name": "Fujiayama",
        "phone": "+9242111282747"
      },
      "geometry": {
        "type": "Point",
        "coordinates": [
          74.3279147,
          31.5586053
        ]
      },
      "id": "node/8399022562"
    },
    {
      "type": "Feature",
      "properties": {
        "@id": "node/8399022563",
        "addr:housenumber": "87",
        "addr:street": "Mall Road مال روڈ",
        "amenity": "restaurant",
        "cuisine": "indian",
        "name": "The Lakhanvi",
        "phone": "+924236033587"
      },
      "geometry": {
        "type": "Point",
        "coordinates": [
          74.3273933,
          31.5589889
        ]
      },
      "id": "node/8399022563"
    },
    {
      "type": "Feature",
      "properties": {
        "@id": "node/8399022564",
        "amenity": "restaurant",
        "cuisine": "chinese",
        "name": "Taipan Chinese",
        "phone": "+924236360210"
      },
      "geometry": {
        "type": "Point",
        "coordinates": [
          74.3379788,
          31.5530146
        ]
      },
      "id": "node/8399022564"
    },
    {
      "type": "Feature",
      "properties": {
        "@id": "node/8399022565",
        "amenity": "restaurant",
        "cuisine": "pakistani",
        "name": "Bukhara",
        "phone": "+924236360210"
      },
      "geometry": {
        "type": "Point",
        "coordinates": [
          74.3382373,
          31.5528976
        ]
      },
      "id": "node/8399022565"
    },
    {
      "type": "Feature",
      "properties": {
        "@id": "node/8399022566",
        "amenity": "restaurant",
        "name": "Marco Polo Restaurant"
      },
      "geometry": {
        "type": "Point",
        "coordinates": [
          74.3384208,
          31.5528385
        ]
      },
      "id": "node/8399022566"
    },
    {
      "type": "Feature",
      "properties": {
        "@id": "node/8406382019",
        "amenity": "fast_food",
        "name": "Pickup Burger",
        "opening_hours": "Mo-Sa 15:00-22:00"
      },
      "geometry": {
        "type": "Point",
        "coordinates": [
          74.291539,
          31.6151234
        ]
      },
      "id": "node/8406382019"
    },
    {
      "type": "Feature",
      "properties": {
        "@id": "node/8406860256",
        "amenity": "fast_food",
        "brand": "Burger King",
        "brand:wikidata": "Q177054",
        "brand:wikipedia": "en:Burger King",
        "cuisine": "burger",
        "name": "Burger King",
        "takeaway": "yes"
      },
      "geometry": {
        "type": "Point",
        "coordinates": [
          74.3404911,
          31.5626179
        ]
      },
      "id": "node/8406860256"
    },
    {
      "type": "Feature",
      "properties": {
        "@id": "node/8413332139",
        "amenity": "ice_cream",
        "name": "BaBa Jee Kulfi Walay",
        "phone": "+923144207222"
      },
      "geometry": {
        "type": "Point",
        "coordinates": [
          74.3342436,
          31.5779944
        ]
      },
      "id": "node/8413332139"
    },
    {
      "type": "Feature",
      "properties": {
        "@id": "node/8413357365",
        "amenity": "cafe",
        "name": "Cafe Karachi"
      },
      "geometry": {
        "type": "Point",
        "coordinates": [
          74.3339036,
          31.5771853
        ]
      },
      "id": "node/8413357365"
    },
    {
      "type": "Feature",
      "properties": {
        "@id": "node/8413357367",
        "amenity": "fast_food",
        "name": "Bites Sandwich Burger & Shawarma"
      },
      "geometry": {
        "type": "Point",
        "coordinates": [
          74.3341902,
          31.5770492
        ]
      },
      "id": "node/8413357367"
    },
    {
      "type": "Feature",
      "properties": {
        "@id": "node/8489656817",
        "name": "Gourmet Butt Chowk Tajpura",
        "shop": "bakery"
      },
      "geometry": {
        "type": "Point",
        "coordinates": [
          74.400737,
          31.5595782
        ]
      },
      "id": "node/8489656817"
    },
    {
      "type": "Feature",
      "properties": {
        "@id": "node/8659331270",
        "addr:city": "Lahore",
        "addr:housenumber": "903",
        "addr:postcode": "54000",
        "addr:street": "R1 Johar Town",
        "amenity": "fast_food",
        "cuisine": "coffee_shop;pizza;sandwich;burger;chinese;chicken;kebab;fish_and_chips;ice_cream",
        "name": "Chai Rock",
        "phone": "+923021478163"
      },
      "geometry": {
        "type": "Point",
        "coordinates": [
          74.2726473,
          31.4528746
        ]
      },
      "id": "node/8659331270"
    },
    {
      "type": "Feature",
      "properties": {
        "@id": "node/8843300659",
        "name": "Ijaz Bakery",
        "operator": "Ijaz",
        "shop": "bakery"
      },
      "geometry": {
        "type": "Point",
        "coordinates": [
          74.3219889,
          31.467386
        ]
      },
      "id": "node/8843300659"
    },
    {
      "type": "Feature",
      "properties": {
        "@id": "node/9370712588",
        "addr:city": "Lahore",
        "addr:housenumber": "166-M",
        "addr:street": "Johar Town Main Boulevard",
        "amenity": "restaurant",
        "cuisine": "pizza;burger;chinese;sandwich;regional",
        "delivery": "yes",
        "diet:halal": "yes",
        "name": "The Veranda",
        "opening_hours": "Mo-Su 04:30 - 01:00",
        "outdoor_seating": "yes",
        "phone": "+923100572222"
      },
      "geometry": {
        "type": "Point",
        "coordinates": [
          74.2740325,
          31.4665416
        ]
      },
      "id": "node/9370712588"
    },
    {
      "type": "Feature",
      "properties": {
        "@id": "node/9378552698",
        "amenity": "cafe",
        "name": "آغاٹی سٹور",
        "name:en": "Agha Tea Store"
      },
      "geometry": {
        "type": "Point",
        "coordinates": [
          74.3259162,
          31.5823611
        ]
      },
      "id": "node/9378552698"
    },
    {
      "type": "Feature",
      "properties": {
        "@id": "node/9382407240",
        "addr:city": "Lahore",
        "addr:housenumber": "23 Block F1",
        "addr:street": "Khayaban-e-Firdousi",
        "amenity": "cafe",
        "cuisine": "burger;sandwich;coffee_shop",
        "internet_access": "yes",
        "internet_access:fee": "customers",
        "internet_access:ssid": "Starry Night",
        "name": "Starry Night",
        "outdoor_seating": "yes",
        "phone": "03434547572"
      },
      "geometry": {
        "type": "Point",
        "coordinates": [
          74.2810906,
          31.4592354
        ]
      },
      "id": "node/9382407240"
    },
    {
      "type": "Feature",
      "properties": {
        "@id": "node/9392770609",
        "amenity": "restaurant",
        "name": "المشہور پھجے کے پائے"
      },
      "geometry": {
        "type": "Point",
        "coordinates": [
          74.3127784,
          31.5851107
        ]
      },
      "id": "node/9392770609"
    },
    {
      "type": "Feature",
      "properties": {
        "@id": "node/9540148870",
        "addr:city": "Lahore",
        "addr:housenumber": "28 A",
        "addr:postcode": "54770",
        "addr:street": "Shadewal Road",
        "amenity": "restaurant",
        "cuisine": "burger;italian;regional;sandwich;japanese;mexican;french;seafood;fish_and_chips",
        "diet:halal": "yes",
        "name": "Gossip Garden GG Café & Restaurant",
        "opening_hours": "Mo-Su 16:00-02:00",
        "phone": "+923000467747",
        "website": "https://www.facebook.com/gossip.garden.gg"
      },
      "geometry": {
        "type": "Point",
        "coordinates": [
          74.2777824,
          31.4538393
        ]
      },
      "id": "node/9540148870"
    },
    {
      "type": "Feature",
      "properties": {
        "@id": "node/9898315716",
        "name": "Khalifa Naan Shop",
        "shop": "bakery"
      },
      "geometry": {
        "type": "Point",
        "coordinates": [
          74.3240738,
          31.5834877
        ]
      },
      "id": "node/9898315716"
    },
    {
      "type": "Feature",
      "properties": {
        "@id": "node/10129929117",
        "amenity": "fast_food",
        "name": "Broadway Pizza"
      },
      "geometry": {
        "type": "Point",
        "coordinates": [
          74.2691159,
          31.4498636
        ]
      },
      "id": "node/10129929117"
    },
    {
      "type": "Feature",
      "properties": {
        "@id": "node/10764707095",
        "addr:city": "Lahore,Punjab,Pakistan",
        "addr:housenumber": "2.5 Km Thokar Opposite Gulbahar Society",
        "addr:postcode": "53700",
        "addr:street": "Main Canal Bank / Mohlanwal Road Near Fazal Masjid",
        "amenity": "cafe",
        "cuisine": "burger;sandwich;wraps;shakes;moctails;fries;tea",
        "internet_access": "yes",
        "internet_access:fee": "no",
        "name": "Sweet Tea",
        "opening_hours": "Mo-Su 16:00-02:00",
        "outdoor_seating": "yes",
        "phone": "+923299222005",
        "website": "m.facebok.com/SweetTeaRestaurant"
      },
      "geometry": {
        "type": "Point",
        "coordinates": [
          74.2237452,
          31.4560978
        ]
      },
      "id": "node/10764707095"
    },
    {
      "type": "Feature",
      "properties": {
        "@id": "node/10811513805",
        "addr:street": "PAF Housing Complex Walton",
        "amenity": "restaurant",
        "name": "AFOHS club"
      },
      "geometry": {
        "type": "Point",
        "coordinates": [
          74.3519995,
          31.4948981
        ]
      },
      "id": "node/10811513805"
    },
    {
      "type": "Feature",
      "properties": {
        "@id": "node/10922065188",
        "amenity": "restaurant",
        "contact:facebook": "https://www.facebook.com/pizzaonlineiqbaltown/",
        "name": "Pizza Online"
      },
      "geometry": {
        "type": "Point",
        "coordinates": [
          74.2897251,
          31.5231183
        ]
      },
      "id": "node/10922065188"
    },
    {
      "type": "Feature",
      "properties": {
        "@id": "node/10926749505",
        "amenity": "restaurant",
        "name": "Peeru’s cafe"
      },
      "geometry": {
        "type": "Point",
        "coordinates": [
          74.2327037,
          31.4122864
        ]
      },
      "id": "node/10926749505"
    },
    {
      "type": "Feature",
      "properties": {
        "@id": "node/10961126214",
        "amenity": "restaurant"
      },
      "geometry": {
        "type": "Point",
        "coordinates": [
          74.2998998,
          31.452783
        ]
      },
      "id": "node/10961126214"
    },
    {
      "type": "Feature",
      "properties": {
        "@id": "node/11076120705",
        "amenity": "cafe",
        "name": "Cafe Gadushnik"
      },
      "geometry": {
        "type": "Point",
        "coordinates": [
          74.4145561,
          31.5697659
        ]
      },
      "id": "node/11076120705"
    },
    {
      "type": "Feature",
      "properties": {
        "@id": "node/11082892505",
        "amenity": "restaurant",
        "name": "Delicious Chicken Biryani 220",
        "website": "https://instagram.com/skolaniya"
      },
      "geometry": {
        "type": "Point",
        "coordinates": [
          74.2913756,
          31.5210988
        ]
      },
      "id": "node/11082892505"
    },
    {
      "type": "Feature",
      "properties": {
        "@id": "node/11225530679",
        "amenity": "restaurant",
        "name": "BBQ Story"
      },
      "geometry": {
        "type": "Point",
        "coordinates": [
          74.275357,
          31.4931092
        ]
      },
      "id": "node/11225530679"
    },
    {
      "type": "Feature",
      "properties": {
        "@id": "node/11242698637",
        "amenity": "restaurant",
        "name": "Sarhad Restaurant"
      },
      "geometry": {
        "type": "Point",
        "coordinates": [
          74.3571413,
          31.5220489
        ]
      },
      "id": "node/11242698637"
    },
    {
      "type": "Feature",
      "properties": {
        "@id": "node/11307563477",
        "amenity": "cafe"
      },
      "geometry": {
        "type": "Point",
        "coordinates": [
          74.3395937,
          31.5506167
        ]
      },
      "id": "node/11307563477"
    },
    {
      "type": "Feature",
      "properties": {
        "@id": "node/11428855442",
        "addr:city": "Lahore",
        "addr:housenumber": "116",
        "addr:postcode": "54000",
        "addr:street": "McLeod Road میکلوڈ روڈ",
        "amenity": "restaurant",
        "name": "Savour Foods",
        "phone": "+924237114173",
        "website": "https://order.savourfoods.com.pk/"
      },
      "geometry": {
        "type": "Point",
        "coordinates": [
          74.3257415,
          31.5682295
        ]
      },
      "id": "node/11428855442"
    },
    {
      "type": "Feature",
      "properties": {
        "@id": "node/11493153269",
        "amenity": "fast_food",
        "cuisine": "breakfast;burger;coffee_shop;sandwich;tea",
        "name": "McDonald's"
      },
      "geometry": {
        "type": "Point",
        "coordinates": [
          74.2509842,
          31.3694973
        ]
      },
      "id": "node/11493153269"
    },
    {
      "type": "Feature",
      "properties": {
        "@id": "node/11518947547",
        "addr:city": "Lahore, Pakistan",
        "addr:housenumber": "4-Y",
        "addr:postcode": "54810",
        "addr:street": "Block Street 17, Sector Sector Y DHA Phase 3,",
        "amenity": "restaurant",
        "cuisine": "pizza;burger;steak_house;mexican;american;regional;french;dessert;sandwich;lebanese",
        "diet:halal": "yes",
        "name": "Aura",
        "opening_hours": "Mo-Su 15:00-01:00",
        "phone": "03287862872",
        "website": "http://auralahore.pk/"
      },
      "geometry": {
        "type": "Point",
        "coordinates": [
          74.3760599,
          31.4688044
        ]
      },
      "id": "node/11518947547"
    },
    {
      "type": "Feature",
      "properties": {
        "@id": "node/11738349749",
        "addr:city": "Lahore",
        "addr:housenumber": "38 C",
        "addr:postcode": "53720",
        "addr:street": "38 C, Sector C Commercial Area Sector C Bahria Town",
        "amenity": "restaurant",
        "name": "Johnny & Jugnu",
        "phone": "03111333363"
      },
      "geometry": {
        "type": "Point",
        "coordinates": [
          74.1867064,
          31.3718126
        ]
      },
      "id": "node/11738349749"
    },
    {
      "type": "Feature",
      "properties": {
        "@id": "node/11738349763",
        "amenity": "restaurant",
        "name": "Adil Murgh Chany & Karach Biryani Centre",
        "phone": "03023482000"
      },
      "geometry": {
        "type": "Point",
        "coordinates": [
          74.1902862,
          31.3865809
        ]
      },
      "id": "node/11738349763"
    },
    {
      "type": "Feature",
      "properties": {
        "@id": "node/11738354285",
        "amenity": "restaurant",
        "name": "Karachi Hot N Spicy Bahria Town"
      },
      "geometry": {
        "type": "Point",
        "coordinates": [
          74.1910995,
          31.3869133
        ]
      },
      "id": "node/11738354285"
    },
    {
      "type": "Feature",
      "properties": {
        "@id": "node/11738354286",
        "amenity": "restaurant",
        "name": "Biryani Express Bahria Town",
        "survey:date": "2024-03-18"
      },
      "geometry": {
        "type": "Point",
        "coordinates": [
          74.1909639,
          31.3869033
        ]
      },
      "id": "node/11738354286"
    },
    {
      "type": "Feature",
      "properties": {
        "@id": "node/11738647664",
        "amenity": "restaurant",
        "diet:halal": "yes",
        "name": "Timmy's - Bahria Town",
        "opening_hours": "Mo-Su 12:00-05:00",
        "phone": "042111846697",
        "website": "https://www.timmys.com.pk/"
      },
      "geometry": {
        "type": "Point",
        "coordinates": [
          74.174707,
          31.357762
        ]
      },
      "id": "node/11738647664"
    },
    {
      "type": "Feature",
      "properties": {
        "@id": "node/11738658141",
        "amenity": "restaurant",
        "name": "Harvey's Fast food"
      },
      "geometry": {
        "type": "Point",
        "coordinates": [
          74.1871843,
          31.3646596
        ]
      },
      "id": "node/11738658141"
    },
    {
      "type": "Feature",
      "properties": {
        "@id": "node/11738658142",
        "amenity": "restaurant",
        "name": "Roti Shoti"
      },
      "geometry": {
        "type": "Point",
        "coordinates": [
          74.1874977,
          31.3651267
        ]
      },
      "id": "node/11738658142"
    },
    {
      "type": "Feature",
      "properties": {
        "@id": "node/11738658144",
        "amenity": "restaurant",
        "name": "Cathay Cuisine"
      },
      "geometry": {
        "type": "Point",
        "coordinates": [
          74.1848688,
          31.3713651
        ]
      },
      "id": "node/11738658144"
    },
    {
      "type": "Feature",
      "properties": {
        "@id": "node/11738658145",
        "amenity": "restaurant",
        "name": "Pazookie Bahria Town"
      },
      "geometry": {
        "type": "Point",
        "coordinates": [
          74.1850949,
          31.3731046
        ]
      },
      "id": "node/11738658145"
    },
    {
      "type": "Feature",
      "properties": {
        "@id": "node/11738658146",
        "alt_name": "Kentucky Fried Chicken",
        "alt_name:en": "Kentucky Fried Chicken",
        "alt_name:hi": "केंटुकी फ्राइड चिकन",
        "alt_name:pa": "ਕੈਂਟੁਕੀ ਫ੍ਰਾਈਡ ਚਿਕਨ",
        "alt_name:pnb": "کینٹکی فرائیڈ چکن",
        "alt_name:ur": "کینٹکی فرائیڈ چکن",
        "amenity": "fast_food",
        "brand": "KFC",
        "brand:en": "KFC",
        "brand:hi": "केएफसी",
        "brand:pa": "ਕੇਐਫਸੀ",
        "brand:pnb": "کے ایف سی",
        "brand:ur": "کے ایف سی",
        "brand:wikidata": "Q524757",
        "cuisine": "chicken",
        "name": "KFC",
        "name:en": "KFC",
        "name:hi": "केएफसी",
        "name:pa": "ਕੇਐਫਸੀ",
        "name:pnb": "کے ایف سی",
        "name:ur": "کے ایف سی",
        "phone": "042111532532",
        "takeaway": "yes"
      },
      "geometry": {
        "type": "Point",
        "coordinates": [
          74.1854231,
          31.3737706
        ]
      },
      "id": "node/11738658146"
    },
    {
      "type": "Feature",
      "properties": {
        "@id": "node/11738658155",
        "alt_name": "Church's Chicken",
        "amenity": "cafe",
        "brand": "Texas Chicken",
        "brand:wikidata": "Q1089932",
        "cuisine": "chicken",
        "name": "Tim Hortons - Bahria Town",
        "opening_hours": "Mo-Su 08:00-00:00",
        "website": "https://timhortons.com.pk"
      },
      "geometry": {
        "type": "Point",
        "coordinates": [
          74.1866711,
          31.3735628
        ]
      },
      "id": "node/11738658155"
    },
    {
      "type": "Feature",
      "properties": {
        "@id": "node/11738658156",
        "amenity": "ice_cream",
        "name": "Sweet Creme - Bahria Town"
      },
      "geometry": {
        "type": "Point",
        "coordinates": [
          74.186566,
          31.373112
        ]
      },
      "id": "node/11738658156"
    },
    {
      "type": "Feature",
      "properties": {
        "@id": "node/11738700514",
        "amenity": "fast_food",
        "brand": "Subway",
        "brand:wikidata": "Q244457",
        "cuisine": "sandwich",
        "name": "Subway",
        "takeaway": "yes"
      },
      "geometry": {
        "type": "Point",
        "coordinates": [
          74.1876489,
          31.3741389
        ]
      },
      "id": "node/11738700514"
    },
    {
      "type": "Feature",
      "properties": {
        "@id": "node/11738700515",
        "amenity": "restaurant",
        "name": "AA Murgh Channay and Sri Paye",
        "phone": "04237862192"
      },
      "geometry": {
        "type": "Point",
        "coordinates": [
          74.1879064,
          31.374823
        ]
      },
      "id": "node/11738700515"
    },
    {
      "type": "Feature",
      "properties": {
        "@id": "node/11738700516",
        "amenity": "restaurant",
        "cuisine": "barbecue",
        "name": "AA Barbeque",
        "phone": "04237862192"
      },
      "geometry": {
        "type": "Point",
        "coordinates": [
          74.1879117,
          31.3747674
        ]
      },
      "id": "node/11738700516"
    },
    {
      "type": "Feature",
      "properties": {
        "@id": "node/11738700517",
        "amenity": "restaurant",
        "cuisine": "barbecue",
        "name": "Tasty chicken n kitchen",
        "phone": "04237862192"
      },
      "geometry": {
        "type": "Point",
        "coordinates": [
          74.1879252,
          31.374564
        ]
      },
      "id": "node/11738700517"
    },
    {
      "type": "Feature",
      "properties": {
        "@id": "node/11738700518",
        "amenity": "restaurant",
        "name": "Khyber Restaurant",
        "phone": "04237862192"
      },
      "geometry": {
        "type": "Point",
        "coordinates": [
          74.1879167,
          31.3744201
        ]
      },
      "id": "node/11738700518"
    },
    {
      "type": "Feature",
      "properties": {
        "@id": "node/11738700539",
        "amenity": "restaurant",
        "name": "Biryani Master"
      },
      "geometry": {
        "type": "Point",
        "coordinates": [
          74.1900126,
          31.3868975
        ]
      },
      "id": "node/11738700539"
    },
    {
      "type": "Feature",
      "properties": {
        "@id": "node/11740794294",
        "amenity": "restaurant",
        "cuisine": "barbecue",
        "survey:date": "2024-03-18"
      },
      "geometry": {
        "type": "Point",
        "coordinates": [
          74.1874664,
          31.3855702
        ]
      },
      "id": "node/11740794294"
    },
    {
      "type": "Feature",
      "properties": {
        "@id": "node/11740794296",
        "amenity": "restaurant",
        "brand:wikidata": "Q4920269",
        "cuisine": "steakhouse",
        "name": "Babloo's Tandoor",
        "survey:date": "2024-03-18"
      },
      "geometry": {
        "type": "Point",
        "coordinates": [
          74.1904465,
          31.3862435
        ]
      },
      "id": "node/11740794296"
    },
    {
      "type": "Feature",
      "properties": {
        "@id": "node/11743300710",
        "addr:street": "Bahria Town Main Boulevard",
        "amenity": "restaurant",
        "name": "Quetta Mehfil Chai Khana",
        "survey:date": "2024-03-19"
      },
      "geometry": {
        "type": "Point",
        "coordinates": [
          74.1867619,
          31.3747925
        ]
      },
      "id": "node/11743300710"
    },
    {
      "type": "Feature",
      "properties": {
        "@id": "node/11743300733",
        "addr:street": "Bahria Town Main Boulevard",
        "amenity": "fast_food",
        "name": "Sher e Rabani Burger and Shawarma Point",
        "survey:date": "2024-03-19"
      },
      "geometry": {
        "type": "Point",
        "coordinates": [
          74.1867232,
          31.3758415
        ]
      },
      "id": "node/11743300733"
    },
    {
      "type": "Feature",
      "properties": {
        "@id": "node/11743300744",
        "addr:street": "Bahria Town Main Boulevard",
        "amenity": "restaurant",
        "cuisine": "pizza",
        "name": "Pizza Junction",
        "survey:date": "2024-03-19"
      },
      "geometry": {
        "type": "Point",
        "coordinates": [
          74.1867114,
          31.3766374
        ]
      },
      "id": "node/11743300744"
    },
    {
      "type": "Feature",
      "properties": {
        "@id": "node/11743300752",
        "amenity": "fast_food",
        "cuisine": "pizza",
        "name": "PizzaMax",
        "survey:date": "2024-03-19"
      },
      "geometry": {
        "type": "Point",
        "coordinates": [
          74.1868713,
          31.3778268
        ]
      },
      "id": "node/11743300752"
    },
    {
      "type": "Feature",
      "properties": {
        "@id": "node/11743300761",
        "amenity": "cafe",
        "brand": "Gloria Jean's",
        "brand:wikidata": "Q2666365",
        "cuisine": "coffee_shop",
        "name": "Gloria Jean's",
        "official_name": "Gloria Jean's Coffees",
        "survey:date": "2024-03-19",
        "takeaway": "yes"
      },
      "geometry": {
        "type": "Point",
        "coordinates": [
          74.1868753,
          31.3775251
        ]
      },
      "id": "node/11743300761"
    },
    {
      "type": "Feature",
      "properties": {
        "@id": "node/11743300763",
        "amenity": "restaurant",
        "name": "Hajji Baba Tikka Shop",
        "survey:date": "2024-03-18"
      },
      "geometry": {
        "type": "Point",
        "coordinates": [
          74.1903588,
          31.3862449
        ]
      },
      "id": "node/11743300763"
    },
    {
      "type": "Feature",
      "properties": {
        "@id": "node/11752395656",
        "amenity": "fast_food",
        "drive_through": "no",
        "name": "Tengo Pizza and Burger",
        "survey:date": "2024-03-22"
      },
      "geometry": {
        "type": "Point",
        "coordinates": [
          74.1867181,
          31.369699
        ]
      },
      "id": "node/11752395656"
    },
    {
      "type": "Feature",
      "properties": {
        "@id": "node/11752395660",
        "amenity": "cafe",
        "name": "Newon Gaming and Snooker Cafe",
        "survey:date": "2024-03-22"
      },
      "geometry": {
        "type": "Point",
        "coordinates": [
          74.1867503,
          31.3693498
        ]
      },
      "id": "node/11752395660"
    },
    {
      "type": "Feature",
      "properties": {
        "@id": "node/11752395664",
        "amenity": "fast_food",
        "cuisine": "burger",
        "name": "Smash Burgers & Fries",
        "survey:date": "2024-03-22"
      },
      "geometry": {
        "type": "Point",
        "coordinates": [
          74.1866366,
          31.3701951
        ]
      },
      "id": "node/11752395664"
    },
    {
      "type": "Feature",
      "properties": {
        "@id": "node/11752403252",
        "amenity": "restaurant",
        "name": "Forks n Knives",
        "survey:date": "2024-03-22"
      },
      "geometry": {
        "type": "Point",
        "coordinates": [
          74.1857877,
          31.3706834
        ]
      },
      "id": "node/11752403252"
    },
    {
      "type": "Feature",
      "properties": {
        "@id": "node/11752485563",
        "amenity": "fast_food",
        "cuisine": "chicken",
        "name": "Fri Chicks",
        "survey:date": "2024-03-22"
      },
      "geometry": {
        "type": "Point",
        "coordinates": [
          74.1856377,
          31.3754932
        ]
      },
      "id": "node/11752485563"
    },
    {
      "type": "Feature",
      "properties": {
        "@id": "node/11752485564",
        "amenity": "restaurant",
        "cuisine": "pizza",
        "name": "Papa John's",
        "survey:date": "2024-03-22"
      },
      "geometry": {
        "type": "Point",
        "coordinates": [
          74.185629,
          31.3752495
        ]
      },
      "id": "node/11752485564"
    },
    {
      "type": "Feature",
      "properties": {
        "@id": "node/11752486282",
        "amenity": "fast_food",
        "name": "Fast Food Bus",
        "survey:date": "2024-03-22"
      },
      "geometry": {
        "type": "Point",
        "coordinates": [
          74.178718,
          31.3819613
        ]
      },
      "id": "node/11752486282"
    },
    {
      "type": "Feature",
      "properties": {
        "@id": "node/11752503893",
        "amenity": "restaurant",
        "cuisine": "barbecue",
        "name": "Madni Sajji and Barbeque",
        "survey:date": "2024-03-22"
      },
      "geometry": {
        "type": "Point",
        "coordinates": [
          74.1837625,
          31.3864334
        ]
      },
      "id": "node/11752503893"
    },
    {
      "type": "Feature",
      "properties": {
        "@id": "node/11752503894",
        "amenity": "restaurant",
        "name": "Bismillah Tandoor",
        "survey:date": "2024-03-22"
      },
      "geometry": {
        "type": "Point",
        "coordinates": [
          74.1836436,
          31.3864449
        ]
      },
      "id": "node/11752503894"
    },
    {
      "type": "Feature",
      "properties": {
        "@id": "node/11770977883",
        "name": "Eminabadi Barfi",
        "shop": "bakery",
        "survey:date": "2024-03-29"
      },
      "geometry": {
        "type": "Point",
        "coordinates": [
          74.1867319,
          31.3613203
        ]
      },
      "id": "node/11770977883"
    },
    {
      "type": "Feature",
      "properties": {
        "@id": "node/11770977887",
        "amenity": "cafe",
        "name": "Bubble Tea",
        "survey:date": "2024-03-29"
      },
      "geometry": {
        "type": "Point",
        "coordinates": [
          74.1867252,
          31.3608692
        ]
      },
      "id": "node/11770977887"
    },
    {
      "type": "Feature",
      "properties": {
        "@id": "node/11770977889",
        "amenity": "restaurant",
        "name": "Salt'n Pepper",
        "survey:date": "2024-03-29"
      },
      "geometry": {
        "type": "Point",
        "coordinates": [
          74.1867825,
          31.3595138
        ]
      },
      "id": "node/11770977889"
    },
    {
      "type": "Feature",
      "properties": {
        "@id": "node/11770977891",
        "amenity": "restaurant",
        "name": "Monaco Bay",
        "survey:date": "2024-03-29"
      },
      "geometry": {
        "type": "Point",
        "coordinates": [
          74.1867769,
          31.3592705
        ]
      },
      "id": "node/11770977891"
    },
    {
      "type": "Feature",
      "properties": {
        "@id": "node/11770977892",
        "amenity": "restaurant",
        "name": "Aman Associates",
        "survey:date": "2024-03-29"
      },
      "geometry": {
        "type": "Point",
        "coordinates": [
          74.1867776,
          31.3591785
        ]
      },
      "id": "node/11770977892"
    },
    {
      "type": "Feature",
      "properties": {
        "@id": "node/11770977896",
        "amenity": "restaurant",
        "cuisine": "chinese",
        "name": "Chow Ming",
        "survey:date": "2024-03-29"
      },
      "geometry": {
        "type": "Point",
        "coordinates": [
          74.1856679,
          31.357485
        ]
      },
      "id": "node/11770977896"
    },
    {
      "type": "Feature",
      "properties": {
        "@id": "node/11770977897",
        "amenity": "fast_food",
        "name": "Chicken Station",
        "survey:date": "2024-03-29"
      },
      "geometry": {
        "type": "Point",
        "coordinates": [
          74.1842226,
          31.3574352
        ]
      },
      "id": "node/11770977897"
    },
    {
      "type": "Feature",
      "properties": {
        "@id": "node/11770977902",
        "amenity": "restaurant",
        "name": "Quetta Paratha",
        "survey:date": "2024-03-29"
      },
      "geometry": {
        "type": "Point",
        "coordinates": [
          74.1852065,
          31.3629992
        ]
      },
      "id": "node/11770977902"
    },
    {
      "type": "Feature",
      "properties": {
        "@id": "node/11770977905",
        "amenity": "restaurant",
        "name": "Second Bowl",
        "survey:date": "2024-03-29"
      },
      "geometry": {
        "type": "Point",
        "coordinates": [
          74.185474,
          31.3632079
        ]
      },
      "id": "node/11770977905"
    },
    {
      "type": "Feature",
      "properties": {
        "@id": "node/11770977913",
        "amenity": "fast_food",
        "name": "NY212 Pizza",
        "survey:date": "2024-03-29"
      },
      "geometry": {
        "type": "Point",
        "coordinates": [
          74.1852335,
          31.367198
        ]
      },
      "id": "node/11770977913"
    },
    {
      "type": "Feature",
      "properties": {
        "@id": "node/11770977914",
        "name": "Bundu khan",
        "shop": "bakery",
        "survey:date": "2024-03-29"
      },
      "geometry": {
        "type": "Point",
        "coordinates": [
          74.1858616,
          31.3709977
        ]
      },
      "id": "node/11770977914"
    },
    {
      "type": "Feature",
      "properties": {
        "@id": "node/11770977917",
        "amenity": "fast_food",
        "name": "Fri Chicks",
        "survey:date": "2024-03-29"
      },
      "geometry": {
        "type": "Point",
        "coordinates": [
          74.1857046,
          31.3755799
        ]
      },
      "id": "node/11770977917"
    },
    {
      "type": "Feature",
      "properties": {
        "@id": "node/11786609108",
        "addr:city": "Lahore",
        "addr:housenumber": "3A C3",
        "addr:postcode": "54000",
        "addr:street": "Block C3, near husain Chowk",
        "air_conditioning": "yes",
        "amenity": "restaurant",
        "branch": "Gulberg",
        "brand": "Kruncheese",
        "capacity": "200",
        "cuisine": "pizza;regional;burger;chicken;american;pasta;salad",
        "delivery": "yes",
        "diet:chicken": "yes",
        "diet:healthy": "yes",
        "diet:local": "yes",
        "internet_access": "yes",
        "internet_access:fee": "no",
        "level": "1",
        "name": "Kruncheese",
        "opening_hours": "Mo-Su 11:00-04:00",
        "phone": "111 434 434",
        "takeaway": "yes",
        "toilets": "yes",
        "website": "https://kruncheese.com.pk"
      },
      "geometry": {
        "type": "Point",
        "coordinates": [
          74.3485789,
          31.5069782
        ]
      },
      "id": "node/11786609108"
    },
    {
      "type": "Feature",
      "properties": {
        "@id": "node/11822288343",
        "alt_name": "Dunkin' Donuts",
        "amenity": "fast_food",
        "brand": "Dunkin'",
        "brand:wikidata": "Q847743",
        "cuisine": "donut;coffee_shop",
        "name": "Dunkin'",
        "takeaway": "yes"
      },
      "geometry": {
        "type": "Point",
        "coordinates": [
          74.4333688,
          31.4479429
        ]
      },
      "id": "node/11822288343"
    },
    {
      "type": "Feature",
      "properties": {
        "@id": "node/11822288344",
        "amenity": "fast_food",
        "name": "Shawarma Lebanese Grill"
      },
      "geometry": {
        "type": "Point",
        "coordinates": [
          74.4333927,
          31.4479399
        ]
      },
      "id": "node/11822288344"
    },
    {
      "type": "Feature",
      "properties": {
        "@id": "node/11822288345",
        "amenity": "fast_food",
        "name": "Pizza Burger & Co"
      },
      "geometry": {
        "type": "Point",
        "coordinates": [
          74.4334207,
          31.4479349
        ]
      },
      "id": "node/11822288345"
    },
    {
      "type": "Feature",
      "properties": {
        "@id": "node/11822288347",
        "amenity": "restaurant",
        "cuisine": "chinese",
        "name": "Beijing Hut"
      },
      "geometry": {
        "type": "Point",
        "coordinates": [
          74.433472,
          31.4479214
        ]
      },
      "id": "node/11822288347"
    },
    {
      "type": "Feature",
      "properties": {
        "@id": "node/11822288349",
        "amenity": "fast_food",
        "name": "Chandoor"
      },
      "geometry": {
        "type": "Point",
        "coordinates": [
          74.433531,
          31.4479098
        ]
      },
      "id": "node/11822288349"
    },
    {
      "type": "Feature",
      "properties": {
        "@id": "node/11822288351",
        "amenity": "fast_food",
        "brand": "Subway",
        "brand:wikidata": "Q244457",
        "cuisine": "sandwich",
        "name": "Subway",
        "takeaway": "yes"
      },
      "geometry": {
        "type": "Point",
        "coordinates": [
          74.4337403,
          31.4480116
        ]
      },
      "id": "node/11822288351"
    },
    {
      "type": "Feature",
      "properties": {
        "@id": "node/11822288355",
        "amenity": "restaurant",
        "name": "Pakwan Center"
      },
      "geometry": {
        "type": "Point",
        "coordinates": [
          74.433801,
          31.4481369
        ]
      },
      "id": "node/11822288355"
    },
    {
      "type": "Feature",
      "properties": {
        "@id": "node/11822288357",
        "amenity": "restaurant",
        "name": "Karachi Naseeb Biryani"
      },
      "geometry": {
        "type": "Point",
        "coordinates": [
          74.4338609,
          31.4482419
        ]
      },
      "id": "node/11822288357"
    },
    {
      "type": "Feature",
      "properties": {
        "@id": "node/11822288364",
        "name": "Jalal Sons",
        "shop": "bakery"
      },
      "geometry": {
        "type": "Point",
        "coordinates": [
          74.4337497,
          31.44845
        ]
      },
      "id": "node/11822288364"
    },
    {
      "type": "Feature",
      "properties": {
        "@id": "node/11955555508",
        "addr:city": "Lahore",
        "addr:postcode": "54000",
        "addr:street": "Abbott Road ایبٹ روڈ",
        "amenity": "restaurant",
        "name": "Restaurant Lahore City"
      },
      "geometry": {
        "type": "Point",
        "coordinates": [
          74.3263612,
          31.5666611
        ]
      },
      "id": "node/11955555508"
    },
    {
      "type": "Feature",
      "properties": {
        "@id": "node/12045991866",
        "addr:street": "Canal Road",
        "name": "Butt Sweets",
        "shop": "bakery"
      },
      "geometry": {
        "type": "Point",
        "coordinates": [
          74.466094,
          31.5803133
        ]
      },
      "id": "node/12045991866"
    },
    {
      "type": "Feature",
      "properties": {
        "@id": "node/12264936355",
        "amenity": "restaurant",
        "name": "Bashir Nan Pakoray",
        "phone": "+923214988616"
      },
      "geometry": {
        "type": "Point",
        "coordinates": [
          74.3129778,
          31.5850609
        ]
      },
      "id": "node/12264936355"
    },
    {
      "type": "Feature",
      "properties": {
        "@id": "node/12264936356",
        "amenity": "restaurant",
        "name": "عارف ھوٹل اینڈ ریسٹورنٹ",
        "name:en": "Arif Hotel Restaurant",
        "phone": "+924237659169"
      },
      "geometry": {
        "type": "Point",
        "coordinates": [
          74.3126871,
          31.5852626
        ]
      },
      "id": "node/12264936356"
    },
    {
      "type": "Feature",
      "properties": {
        "@id": "node/12264936357",
        "amenity": "restaurant",
        "name": "Fazal Din Phajja Siri Paye - Since 1953",
        "phone": "+923024029001"
      },
      "geometry": {
        "type": "Point",
        "coordinates": [
          74.312541,
          31.5852866
        ]
      },
      "id": "node/12264936357"
    },
    {
      "type": "Feature",
      "properties": {
        "@id": "node/12264936358",
        "amenity": "restaurant",
        "name": "عارف چٹخارہ ہاؤس",
        "name:en": "Arif Chatkhara",
        "phone": "+923214916479"
      },
      "geometry": {
        "type": "Point",
        "coordinates": [
          74.3122726,
          31.5853764
        ]
      },
      "id": "node/12264936358"
    },
    {
      "type": "Feature",
      "properties": {
        "@id": "node/12264936359",
        "amenity": "restaurant",
        "name": "Shah Chicken Tawa Roast",
        "phone": "+923214512341"
      },
      "geometry": {
        "type": "Point",
        "coordinates": [
          74.3122166,
          31.5855013
        ]
      },
      "id": "node/12264936359"
    },
    {
      "type": "Feature",
      "properties": {
        "@id": "node/12264936360",
        "amenity": "restaurant",
        "name": "Al Rehman BBQ And Grill Chargha"
      },
      "geometry": {
        "type": "Point",
        "coordinates": [
          74.3119649,
          31.5855101
        ]
      },
      "id": "node/12264936360"
    },
    {
      "type": "Feature",
      "properties": {
        "@id": "node/12376119742",
        "amenity": "restaurant",
        "name": "Sukuf"
      },
      "geometry": {
        "type": "Point",
        "coordinates": [
          74.4483064,
          31.4474116
        ]
      },
      "id": "node/12376119742"
    },
    {
      "type": "Feature",
      "properties": {
        "@id": "node/12408630521",
        "addr:city": "Lahore, Pakistan",
        "addr:housenumber": "15 A Gulshan E Mustafa",
        "addr:postcode": "54880",
        "addr:street": "Society, UMT Cafe Road",
        "amenity": "restaurant",
        "cuisine": "pizza;chicken;dessert;italian;indian;pasta",
        "delivery": "yes",
        "diet:chicken": "yes",
        "diet:halal": "yes",
        "diet:kosher": "yes",
        "diet:meat": "yes",
        "diet:non-vegetarian": "yes",
        "diet:seafood": "yes",
        "diet:vegan": "yes",
        "name": "Pizza Da Napoli, Lahore",
        "opening_hours": "Mo-Su 18:00-02:00",
        "outdoor_seating": "yes",
        "phone": "+923275656555",
        "takeaway": "yes",
        "toilets": "yes"
      },
      "geometry": {
        "type": "Point",
        "coordinates": [
          74.2898372,
          31.4517332
        ]
      },
      "id": "node/12408630521"
    },
    {
      "type": "Feature",
      "properties": {
        "@id": "node/12465377709",
        "amenity": "restaurant",
        "name": "PC Dhaba"
      },
      "geometry": {
        "type": "Point",
        "coordinates": [
          74.3155467,
          31.4994991
        ]
      },
      "id": "node/12465377709"
    },
    {
      "type": "Feature",
      "properties": {
        "@id": "node/12607046001",
        "addr:housenumber": "165 MB",
        "addr:postcode": "54000",
        "addr:street": "Shabbir Sharif Road",
        "amenity": "restaurant",
        "cuisine": "international",
        "name": "لاہور چٹخارا",
        "name:en": "Lahore Chatkhara"
      },
      "geometry": {
        "type": "Point",
        "coordinates": [
          74.4571508,
          31.4840446
        ]
      },
      "id": "node/12607046001"
    },
    {
      "type": "Feature",
      "properties": {
        "@id": "node/12703113068",
        "amenity": "restaurant",
        "cuisine": "asian",
        "delivery": "no",
        "name": "Ziafat",
        "reservation": "yes",
        "takeaway": "no"
      },
      "geometry": {
        "type": "Point",
        "coordinates": [
          74.3562707,
          31.5275149
        ]
      },
      "id": "node/12703113068"
    },
    {
      "type": "Feature",
      "properties": {
        "@id": "node/12706845152",
        "addr:city": "Lahore",
        "addr:housenumber": "71F, adjacent to Zoro Burgers, Block H Gulberg 2",
        "addr:postcode": "54000",
        "addr:street": "Main Boulevard Gulberg",
        "air_conditioning": "yes",
        "amenity": "cafe",
        "capacity": "20",
        "cuisine": "coffee_shop;bakery",
        "internet_access": "yes",
        "internet_access:fee": "customers",
        "name": "Drip - Coffee Brewery & Bakery",
        "opening_hours": "Mo-Su 08:00-00:00",
        "outdoor_seating": "no",
        "payment:cash": "yes",
        "payment:credit_cards": "yes",
        "payment:debit_cards": "yes",
        "phone": "+923033747777",
        "start_date": "2025-01-18",
        "website": "https://www.instagram.com/drip.lhr"
      },
      "geometry": {
        "type": "Point",
        "coordinates": [
          74.3521529,
          31.5306614
        ]
      },
      "id": "node/12706845152"
    },
    {
      "type": "Feature",
      "properties": {
        "@id": "node/12748256062",
        "amenity": "restaurant",
        "name": "Cheezious",
        "opening_hours": "Mo-Su 11:00-03:00"
      },
      "geometry": {
        "type": "Point",
        "coordinates": [
          74.2766908,
          31.4710493
        ]
      },
      "id": "node/12748256062"
    },
    {
      "type": "Feature",
      "properties": {
        "@id": "node/12748355442",
        "name": "Jalal Sons - Valencia Town",
        "shop": "bakery"
      },
      "geometry": {
        "type": "Point",
        "coordinates": [
          74.2593681,
          31.4086891
        ]
      },
      "id": "node/12748355442"
    },
    {
      "type": "Feature",
      "properties": {
        "@id": "node/12748360082",
        "amenity": "restaurant",
        "name": "Broadway Pizza - Valencia Town"
      },
      "geometry": {
        "type": "Point",
        "coordinates": [
          74.260351,
          31.4086832
        ]
      },
      "id": "node/12748360082"
    },
    {
      "type": "Feature",
      "properties": {
        "@id": "node/12923696729",
        "addr:city": "Lahore",
        "addr:housenumber": "C-BLOCK, BAHARSHAH ROAD, AL-FAISAL TOWN, Askari X, Lahore",
        "addr:postcode": "54000",
        "addr:street": "Bahar Shah Rd",
        "amenity": "fast_food",
        "cuisine": "pizza;burger;sandwich;chicken;shawarma;fries",
        "diet:chicken": "yes",
        "diet:halal": "yes",
        "diet:healthy": "yes",
        "name": "GATE OF BURGERS",
        "opening_hours": "Mo-Su 16:00-01:00",
        "phone": "+92 329 3381116"
      },
      "geometry": {
        "type": "Point",
        "coordinates": [
          74.4074625,
          31.548755
        ]
      },
      "id": "node/12923696729"
    },
    {
      "type": "Feature",
      "properties": {
        "@id": "node/13015806301",
        "addr:housenumber": "3rd Floor",
        "amenity": "restaurant",
        "name": "Desi daira",
        "name:ar": "دیسی ڈیرہ"
      },
      "geometry": {
        "type": "Point",
        "coordinates": [
          74.3738093,
          31.5021192
        ]
      },
      "id": "node/13015806301"
    },
    {
      "type": "Feature",
      "properties": {
        "@id": "node/13031960263",
        "addr:city": "Lahore",
        "addr:housenumber": "41-A, L block, Gulberg 2",
        "addr:postcode": "54660",
        "addr:street": "Javed Iqbal Street, MM Alam Road",
        "amenity": "restaurant",
        "internet_access": "wlan",
        "name": "Mystique Restaurants",
        "phone": "+923069047766",
        "website": "https://www.instagram.com/mystiqueofficialpk/"
      },
      "geometry": {
        "type": "Point",
        "coordinates": [
          74.3523862,
          31.5205181
        ]
      },
      "id": "node/13031960263"
    },
    {
      "type": "Feature",
      "properties": {
        "@id": "node/13058944907",
        "amenity": "restaurant",
        "cuisine": "regional",
        "name": "Poet Mughlai",
        "website": "https://poetrestaurant.com/poet-mughlai-mughlai-cuisine-best-dining/"
      },
      "geometry": {
        "type": "Point",
        "coordinates": [
          74.2520535,
          31.3539198
        ]
      },
      "id": "node/13058944907"
    },
    {
      "type": "Feature",
      "properties": {
        "@id": "node/13074746201",
        "addr:street": "Street 44",
        "amenity": "fast_food",
        "cuisine": "pizza;sandwich",
        "name": "Shawarma Stop"
      },
      "geometry": {
        "type": "Point",
        "coordinates": [
          74.253854,
          31.369195
        ]
      },
      "id": "node/13074746201"
    },
    {
      "type": "Feature",
      "properties": {
        "@id": "node/13074759901",
        "amenity": "restaurant",
        "name": "Sevva Restaurant"
      },
      "geometry": {
        "type": "Point",
        "coordinates": [
          74.234402,
          31.362286
        ]
      },
      "id": "node/13074759901"
    },
    {
      "type": "Feature",
      "properties": {
        "@id": "node/13074764001",
        "addr:housenumber": "Plaza CS-04",
        "amenity": "fast_food",
        "name": "Boomerang"
      },
      "geometry": {
        "type": "Point",
        "coordinates": [
          74.238176,
          31.367566
        ]
      },
      "id": "node/13074764001"
    },
    {
      "type": "Feature",
      "properties": {
        "@id": "node/13077540101",
        "addr:street": "Lake City Rd, Block M 2 A Lake City, Lahore,",
        "amenity": "fast_food",
        "cuisine": "burger;coffee_shop",
        "name": "KFC"
      },
      "geometry": {
        "type": "Point",
        "coordinates": [
          74.25077,
          31.369473
        ]
      },
      "id": "node/13077540101"
    },
    {
      "type": "Feature",
      "properties": {
        "@id": "node/13121419701",
        "addr:street": "Block M 3 A Lake City, Lahore",
        "name": "Tehzeeb Bakers",
        "opening_hours": "Mo-Su 07:00-01:00",
        "phone": "042 32340699",
        "shop": "bakery",
        "website": "https://tehzeeb.com/"
      },
      "geometry": {
        "type": "Point",
        "coordinates": [
          74.2573594,
          31.3688625
        ]
      },
      "id": "node/13121419701"
    },
    {
      "type": "Feature",
      "properties": {
        "@id": "node/13122979802",
        "addr:street": "Plot 1192, Block M 3 A Lake City, Lahore",
        "amenity": "ice_cream",
        "name": "Ever Ice Cream Shakes",
        "phone": "042 32340698"
      },
      "geometry": {
        "type": "Point",
        "coordinates": [
          74.2574375,
          31.3689375
        ]
      },
      "id": "node/13122979802"
    },
    {
      "type": "Feature",
      "properties": {
        "@id": "node/13123316601",
        "addr:street": "Bedian Rd, Askari XI, Lahore",
        "amenity": "restaurant",
        "cuisine": "asian;burger;cake;chicken;coffee_shop;kebab;pasta",
        "name": "Kababjees Restaurant",
        "opening_hours": "Mo-Su 17:00-01:00",
        "phone": "021111666111",
        "website": "https://kababjees.com/"
      },
      "geometry": {
        "type": "Point",
        "coordinates": [
          74.4331719,
          31.4636875
        ]
      },
      "id": "node/13123316601"
    },
    {
      "type": "Feature",
      "properties": {
        "@id": "node/13184937347",
        "amenity": "cafe",
        "building": "C Building",
        "floor": "5",
        "name": "C Cafe"
      },
      "geometry": {
        "type": "Point",
        "coordinates": [
          74.2683823,
          31.448156
        ]
      },
      "id": "node/13184937347"
    },
    {
      "type": "Feature",
      "properties": {
        "@id": "node/13256234191",
        "addr:city": "Lahore",
        "addr:housenumber": "63",
        "addr:street": "Main Boulevard Gulberg",
        "amenity": "restaurant",
        "cuisine": "asian",
        "name": "Tao Pan - Lahore",
        "phone": "+923100005656",
        "website": "https://taopan.pk/"
      },
      "geometry": {
        "type": "Point",
        "coordinates": [
          74.3491469,
          31.5274817
        ]
      },
      "id": "node/13256234191"
    },
    {
      "type": "Feature",
      "properties": {
        "@id": "node/13256234192",
        "addr:city": "Lahore",
        "addr:housenumber": "63",
        "addr:postcode": "54000",
        "addr:street": "Main Boulevard Gulberg",
        "name": "Baked",
        "phone": "+923041112533",
        "shop": "bakery",
        "takeaway": "yes",
        "website": "https://www.baked.pk/"
      },
      "geometry": {
        "type": "Point",
        "coordinates": [
          74.3489719,
          31.527535
        ]
      },
      "id": "node/13256234192"
    },
    {
      "type": "Feature",
      "properties": {
        "@id": "node/13256474694",
        "addr:city": "Lahore",
        "addr:housenumber": "1-K",
        "addr:postcode": "54000",
        "addr:street": "Main Boulevard Gulberg",
        "amenity": "fast_food",
        "brand": "McDonald's",
        "brand:wikidata": "Q38076",
        "cuisine": "burger",
        "drive_through": "yes",
        "name": "McDonald's",
        "opening_hours": "24/7",
        "phone": "+9221111244622",
        "takeaway": "yes",
        "toilets:wheelchair": "yes",
        "website": "https://www.mcdelivery.com.pk/",
        "wheelchair": "yes"
      },
      "geometry": {
        "type": "Point",
        "coordinates": [
          74.3494688,
          31.5252837
        ]
      },
      "id": "node/13256474694"
    },
    {
      "type": "Feature",
      "properties": {
        "@id": "node/13256525897",
        "addr:city": "Lahore",
        "addr:street": "DHA, Phase 5, Sector C",
        "alt_name": "Kentucky Fried Chicken",
        "alt_name:en": "Kentucky Fried Chicken",
        "alt_name:hi": "केंटुकी फ्राइड चिकन",
        "alt_name:pa": "ਕੈਂਟੁਕੀ ਫ੍ਰਾਈਡ ਚਿਕਨ",
        "alt_name:pnb": "کینٹکی فرائیڈ چکن",
        "alt_name:ur": "کینٹکی فرائیڈ چکن",
        "amenity": "fast_food",
        "brand": "KFC",
        "brand:en": "KFC",
        "brand:hi": "केएफसी",
        "brand:pa": "ਕੇਐਫਸੀ",
        "brand:pnb": "کے ایف سی",
        "brand:ur": "کے ایف سی",
        "brand:wikidata": "Q524757",
        "cuisine": "chicken",
        "drive_through": "no",
        "name": "KFC",
        "name:en": "KFC",
        "name:hi": "केएफसी",
        "name:pa": "ਕੇਐਫਸੀ",
        "name:pnb": "کے ایف سی",
        "name:ur": "کے ایف سی",
        "phone": "+9242111532532",
        "takeaway": "yes"
      },
      "geometry": {
        "type": "Point",
        "coordinates": [
          74.416714,
          31.4626848
        ]
      },
      "id": "node/13256525897"
    },
    {
      "type": "Feature",
      "properties": {
        "@id": "node/13264504809",
        "amenity": "food_court"
      },
      "geometry": {
        "type": "Point",
        "coordinates": [
          74.2557622,
          31.5454397
        ]
      },
      "id": "node/13264504809"
    },
    {
      "type": "Feature",
      "properties": {
        "@id": "node/13342443901",
        "addr:street": "Block K Fazaia Housing Society, Lahore",
        "amenity": "restaurant",
        "name": "Salt'n Pepper Signature Restaurant",
        "phone": "(042) 111 100 678",
        "website": "http://saltnpepper.com.pk"
      },
      "geometry": {
        "type": "Point",
        "coordinates": [
          74.2363125,
          31.3673982
        ]
      },
      "id": "node/13342443901"
    },
    {
      "type": "Feature",
      "properties": {
        "@id": "node/13382419301",
        "addr:city": "Lahore",
        "addr:street": "Nishat Colony Main Rd, Nishat Colony Lahore, Pakistan",
        "amenity": "fast_food",
        "cuisine": "burger;shawarma;fruit_chat",
        "diet:halal": "yes",
        "drive_through": "no",
        "level": "0",
        "name": "Ahmad Dahi Bhaly",
        "name:ur": "احمد دہی بھلے",
        "opening_hours": "Mo-Sa 14:00-01:30; Su 14:00-00:00",
        "outdoor_seating": "yes",
        "phone": "+923078821352",
        "self_service": "no"
      },
      "geometry": {
        "type": "Point",
        "coordinates": [
          74.3872523,
          31.4944179
        ]
      },
      "id": "node/13382419301"
    },
    {
      "type": "Feature",
      "properties": {
        "@id": "node/13417441393",
        "addr:city": "Lahore",
        "addr:housenumber": "Plot 84",
        "addr:street": "West Canal Bank Road",
        "amenity": "restaurant",
        "cuisine": "barbecue",
        "name": "Yasir Rafique Barbeque"
      },
      "geometry": {
        "type": "Point",
        "coordinates": [
          74.272152,
          31.4817636
        ]
      },
      "id": "node/13417441393"
    },
    {
      "type": "Feature",
      "properties": {
        "@id": "node/13417617897",
        "addr:city": "Lahore",
        "addr:street": "Zarar Shaheed Road",
        "amenity": "fast_food",
        "cuisine": "barbecue",
        "name": "Ali Baba Tikka"
      },
      "geometry": {
        "type": "Point",
        "coordinates": [
          74.4234117,
          31.5432496
        ]
      },
      "id": "node/13417617897"
    },
    {
      "type": "Feature",
      "properties": {
        "@id": "node/13417617899",
        "addr:city": "Lahore",
        "addr:street": "Zarar Shaheed Road",
        "amenity": "fast_food",
        "cuisine": "fried_chicken",
        "name": "Lahore Broast"
      },
      "geometry": {
        "type": "Point",
        "coordinates": [
          74.4226412,
          31.5435933
        ]
      },
      "id": "node/13417617899"
    },
    {
      "type": "Feature",
      "properties": {
        "@id": "node/13540576203",
        "amenity": "cafe",
        "name": "Ejaz Bhai"
      },
      "geometry": {
        "type": "Point",
        "coordinates": [
          74.4099792,
          31.4716585
        ]
      },
      "id": "node/13540576203"
    },
    {
      "type": "Feature",
      "properties": {
        "@id": "node/13813264601",
        "addr:postcode": "54000",
        "addr:street": "Ashaq Hussain Road",
        "amenity": "restaurant",
        "contact:facebook": "SavourFoodsPakistan",
        "contact:instagram": "savourfoodspk",
        "cuisine": "american;asian;burger;ice_cream;indian",
        "email": "info@savourfoods.pk",
        "name": "Savour Foods Shadman",
        "opening_hours": "Mo-Su 10:30-12:30",
        "phone": "051 111 728 687",
        "self_service": "yes",
        "website": "https://www.savourfoods.com.pk/",
        "website:menu": "https://order.savourfoods.com.pk/catalog/menu-4800"
      },
      "geometry": {
        "type": "Point",
        "coordinates": [
          74.3205899,
          31.5391931
        ]
      },
      "id": "node/13813264601"
    },
    {
      "type": "Feature",
      "properties": {
        "@id": "node/13813294102",
        "addr:postcode": "54770",
        "addr:street": "کالج روڈ",
        "amenity": "restaurant",
        "contact:facebook": "SavourFoodsPakistan",
        "contact:instagram": "savourfoodspk",
        "cuisine": "american;asian;burger;chicken;ice_cream;indian",
        "email": "info@savourfoods.pk",
        "name": "Savour Foods College Road Township Lahore",
        "opening_hours": "Mo-Su 10:30-12:00",
        "phone": "042 35241825",
        "self_service": "yes",
        "website": "https://www.savourfoods.com.pk/",
        "website:menu": "https://order.savourfoods.com.pk/catalog/menu-4800"
      },
      "geometry": {
        "type": "Point",
        "coordinates": [
          74.2954167,
          31.4447089
        ]
      },
      "id": "node/13813294102"
    },
    {
      "type": "Feature",
      "properties": {
        "@id": "node/14000936401",
        "amenity": "cafe",
        "check_date": "2026-07-09",
        "name": "Crumble Cookies"
      },
      "geometry": {
        "type": "Point",
        "coordinates": [
          74.2729344,
          31.4680308
        ]
      },
      "id": "node/14000936401"
    },
    {
      "type": "Feature",
      "properties": {
        "@id": "node/14041230988",
        "amenity": "restaurant",
        "name": "Danish Al Khan Restuarent Mian GT Road"
      },
      "geometry": {
        "type": "Point",
        "coordinates": [
          74.2856635,
          31.6425355
        ]
      },
      "id": "node/14041230988"
    }
  ]
}